mac_address_source,mac_address_destination,interface,ip_source,ip_destination,l_4_protocol,port_source,port_destination,count
00:00:00:00:00:00,00:00:00:00:00:00,lo,127.0.0.1,127.0.0.1,Tcp,17664,114,96
00:00:00:00:00:00,00:00:00:00:00:00,lo,127.0.0.1,127.0.0.1,Tcp,17664,53,384
00:00:00:00:00:00,00:00:00:00:00:00,lo,127.0.0.1,127.0.0.1,Tcp,17664,52,388
00:00:00:00:00:00,00:00:00:00:00:00,lo,127.0.0.1,127.0.0.1,Tcp,17664,142,96
00:00:00:00:00:00,00:00:00:00:00:00,lo,127.0.0.1,127.0.0.1,Tcp,17664,110,56
00:00:00:00:00:00,00:00:00:00:00:00,lo,127.0.0.1,127.0.0.1,Tcp,17664,407,56
00:00:00:00:00:00,00:00:00:00:00:00,lo,127.0.0.1,127.0.0.1,Tcp,17664,108,40
00:00:00:00:00:00,00:00:00:00:00:00,lo,127.0.0.1,127.0.0.1,Tcp,17664,239,40
0a:87:c7:6e:e9:f1,0a:87:c7:e6:6f:64,enx0a87c76ee9f1,172.20.10.8,35.186.227.140,Tcp,17664,91,1
0a:87:c7:6e:e9:f1,0a:87:c7:e6:6f:64,enx0a87c76ee9f1,172.20.10.8,34.110.207.168,Tcp,17664,91,1
0a:87:c7:e6:6f:64,0a:87:c7:6e:e9:f1,enx0a87c76ee9f1,34.110.207.168,172.20.10.8,Tcp,17744,52,1
0a:87:c7:e6:6f:64,0a:87:c7:6e:e9:f1,enx0a87c76ee9f1,35.186.227.140,172.20.10.8,Tcp,17744,52,1
0a:87:c7:e6:6f:64,0a:87:c7:6e:e9:f1,enx0a87c76ee9f1,35.186.227.140,172.20.10.8,Tcp,17744,91,1
0a:87:c7:6e:e9:f1,0a:87:c7:e6:6f:64,enx0a87c76ee9f1,172.20.10.8,35.186.227.140,Tcp,17664,52,1
0a:87:c7:e6:6f:64,0a:87:c7:6e:e9:f1,enx0a87c76ee9f1,34.110.207.168,172.20.10.8,Tcp,17744,91,1
0a:87:c7:6e:e9:f1,0a:87:c7:e6:6f:64,enx0a87c76ee9f1,172.20.10.8,34.110.207.168,Tcp,17664,52,1
0a:87:c7:e6:6f:64,0a:87:c7:6e:e9:f1,enx0a87c76ee9f1,64:ff9b::a29f:88ea,2a04:cec0:11f2:50c6:772e:f0b7:bbca:7e26,Tcp,25856,0,24
0a:87:c7:6e:e9:f1,0a:87:c7:e6:6f:64,enx0a87c76ee9f1,2a04:cec0:11f2:50c6:772e:f0b7:bbca:7e26,64:ff9b::a29f:88ea,Tcp,24578,4703,24
0a:87:c7:e6:6f:64,0a:87:c7:6e:e9:f1,enx0a87c76ee9f1,fe80::887:c7ff:fee6:6f64,fe80::e883:4193:bcef:cbb3,Udp,24585,256,29
0a:87:c7:6e:e9:f1,0a:87:c7:e6:6f:64,enx0a87c76ee9f1,fe80::e883:4193:bcef:cbb3,fe80::887:c7ff:fee6:6f64,Icmpv6,,,5
0a:87:c7:e6:6f:64,0a:87:c7:6e:e9:f1,enx0a87c76ee9f1,40.99.153.130,172.20.10.8,Tcp,17744,93,2
0a:87:c7:6e:e9:f1,0a:87:c7:e6:6f:64,enx0a87c76ee9f1,172.20.10.8,40.99.153.130,Tcp,17664,52,8
00:00:00:00:00:00,00:00:00:00:00:00,lo,127.0.0.1,127.0.0.53,Udp,17664,78,20
0a:87:c7:6e:e9:f1,0a:87:c7:e6:6f:64,enx0a87c76ee9f1,fe80::e883:4193:bcef:cbb3,fe80::887:c7ff:fee6:6f64,Udp,24582,62659,1
00:00:00:00:00:00,00:00:00:00:00:00,lo,127.0.0.1,127.0.0.53,Udp,17664,75,4
0a:87:c7:6e:e9:f1,0a:87:c7:e6:6f:64,enx0a87c76ee9f1,fe80::e883:4193:bcef:cbb3,fe80::887:c7ff:fee6:6f64,Udp,24587,38681,1
0a:87:c7:6e:e9:f1,0a:87:c7:e6:6f:64,enx0a87c76ee9f1,fe80::e883:4193:bcef:cbb3,fe80::887:c7ff:fee6:6f64,Udp,24582,59889,1
00:00:00:00:00:00,00:00:00:00:00:00,lo,127.0.0.53,127.0.0.1,Udp,17664,285,2
00:00:00:00:00:00,00:00:00:00:00:00,lo,127.0.0.53,127.0.0.1,Udp,17664,381,2
0a:87:c7:6e:e9:f1,0a:87:c7:e6:6f:64,enx0a87c76ee9f1,172.20.10.8,40.99.153.130,Tcp,17664,1440,3
0a:87:c7:6e:e9:f1,0a:87:c7:e6:6f:64,enx0a87c76ee9f1,172.20.10.8,40.99.153.130,Tcp,17664,1405,1
0a:87:c7:6e:e9:f1,0a:87:c7:e6:6f:64,enx0a87c76ee9f1,172.20.10.8,40.99.153.130,Tcp,17664,83,2
0a:87:c7:e6:6f:64,0a:87:c7:6e:e9:f1,enx0a87c76ee9f1,40.99.153.130,172.20.10.8,Tcp,17744,52,5
0a:87:c7:e6:6f:64,0a:87:c7:6e:e9:f1,enx0a87c76ee9f1,40.99.153.130,172.20.10.8,Tcp,17744,221,1
0a:87:c7:e6:6f:64,0a:87:c7:6e:e9:f1,enx0a87c76ee9f1,40.99.153.130,172.20.10.8,Tcp,17744,1132,1
0a:87:c7:e6:6f:64,0a:87:c7:6e:e9:f1,enx0a87c76ee9f1,40.99.153.130,172.20.10.8,Tcp,17744,83,2
0a:87:c7:e6:6f:64,0a:87:c7:6e:e9:f1,enx0a87c76ee9f1,2a04:cec0:11f2:50c6:6019:ba57:f4d1:4751,2a04:cec0:11f2:50c6:772e:f0b7:bbca:7e26,Icmpv6,,,1
0a:87:c7:6e:e9:f1,0a:87:c7:e6:6f:64,enx0a87c76ee9f1,2a04:cec0:11f2:50c6:772e:f0b7:bbca:7e26,2a04:cec0:11f2:50c6:6019:ba57:f4d1:4751,Icmpv6,,,1
00:00:00:00:00:00,00:00:00:00:00:00,lo,127.0.0.1,127.0.0.53,Udp,17664,113,4
0a:87:c7:6e:e9:f1,0a:87:c7:e6:6f:64,enx0a87c76ee9f1,fe80::e883:4193:bcef:cbb3,fe80::887:c7ff:fee6:6f64,Udp,24576,7926,1
0a:87:c7:6e:e9:f1,0a:87:c7:e6:6f:64,enx0a87c76ee9f1,fe80::e883:4193:bcef:cbb3,fe80::887:c7ff:fee6:6f64,Udp,24581,51336,1
00:00:00:00:00:00,00:00:00:00:00:00,lo,127.0.0.53,127.0.0.1,Udp,17664,129,2
00:00:00:00:00:00,00:00:00:00:00:00,lo,127.0.0.53,127.0.0.1,Udp,17664,141,2
0a:87:c7:6e:e9:f1,0a:87:c7:e6:6f:64,enx0a87c76ee9f1,2a04:cec0:11f2:50c6:772e:f0b7:bbca:7e26,64:ff9b::b928:e8a9,Tcp,24580,22188,11
0a:87:c7:e6:6f:64,0a:87:c7:6e:e9:f1,enx0a87c76ee9f1,64:ff9b::b928:e8a9,2a04:cec0:11f2:50c6:772e:f0b7:bbca:7e26,Tcp,25856,0,14
0a:87:c7:6e:e9:f1,0a:87:c7:e6:6f:64,enx0a87c76ee9f1,2a04:cec0:11f2:50c6:772e:f0b7:bbca:7e26,2a00:1450:4007:813::200e,Tcp,24589,25657,2
00:00:00:00:00:00,00:00:00:00:00:00,lo,127.0.0.1,127.0.0.53,Udp,17664,83,24
0a:87:c7:6e:e9:f1,0a:87:c7:e6:6f:64,enx0a87c76ee9f1,fe80::e883:4193:bcef:cbb3,fe80::887:c7ff:fee6:6f64,Udp,24585,8345,1
0a:87:c7:6e:e9:f1,0a:87:c7:e6:6f:64,enx0a87c76ee9f1,fe80::e883:4193:bcef:cbb3,fe80::887:c7ff:fee6:6f64,Udp,24585,2258,1
0a:87:c7:e6:6f:64,0a:87:c7:6e:e9:f1,enx0a87c76ee9f1,2a00:1450:4007:813::200e,2a04:cec0:11f2:50c6:772e:f0b7:bbca:7e26,Tcp,25856,0,2
00:00:00:00:00:00,00:00:00:00:00:00,lo,127.0.0.53,127.0.0.1,Udp,17664,293,4
00:00:00:00:00:00,00:00:00:00:00:00,lo,127.0.0.53,127.0.0.1,Udp,17664,317,4
0a:87:c7:6e:e9:f1,0a:87:c7:e6:6f:64,enx0a87c76ee9f1,2a04:cec0:11f2:50c6:772e:f0b7:bbca:7e26,2620:1ec:bdf::42,Tcp,24589,50300,14
0a:87:c7:e6:6f:64,0a:87:c7:6e:e9:f1,enx0a87c76ee9f1,2620:1ec:bdf::42,2a04:cec0:11f2:50c6:772e:f0b7:bbca:7e26,Tcp,25856,0,34
00:00:00:00:00:00,00:00:00:00:00:00,lo,127.0.0.1,127.0.0.53,Udp,17664,72,4
0a:87:c7:6e:e9:f1,0a:87:c7:e6:6f:64,enx0a87c76ee9f1,fe80::e883:4193:bcef:cbb3,fe80::887:c7ff:fee6:6f64,Udp,24583,62608,1
0a:87:c7:6e:e9:f1,0a:87:c7:e6:6f:64,enx0a87c76ee9f1,fe80::e883:4193:bcef:cbb3,fe80::887:c7ff:fee6:6f64,Udp,24583,54937,1
00:00:00:00:00:00,00:00:00:00:00:00,lo,127.0.0.53,127.0.0.1,Udp,17664,88,2
00:00:00:00:00:00,00:00:00:00:00:00,lo,127.0.0.53,127.0.0.1,Udp,17664,100,2
0a:87:c7:6e:e9:f1,0a:87:c7:e6:6f:64,enx0a87c76ee9f1,2a04:cec0:11f2:50c6:772e:f0b7:bbca:7e26,2607:f740:e619::1,Tcp,24580,29299,16
0a:87:c7:6e:e9:f1,0a:87:c7:e6:6f:64,enx0a87c76ee9f1,fe80::e883:4193:bcef:cbb3,fe80::887:c7ff:fee6:6f64,Udp,24586,61803,1
0a:87:c7:6e:e9:f1,0a:87:c7:e6:6f:64,enx0a87c76ee9f1,fe80::e883:4193:bcef:cbb3,fe80::887:c7ff:fee6:6f64,Udp,24579,22438,1
0a:87:c7:6e:e9:f1,0a:87:c7:e6:6f:64,enx0a87c76ee9f1,2a04:cec0:11f2:50c6:772e:f0b7:bbca:7e26,2607:f740:e619::1,Tcp,24578,9590,7
0a:87:c7:e6:6f:64,0a:87:c7:6e:e9:f1,enx0a87c76ee9f1,2607:f740:e619::1,2a04:cec0:11f2:50c6:772e:f0b7:bbca:7e26,Tcp,25856,0,29
00:00:00:00:00:00,00:00:00:00:00:00,lo,127.0.0.53,127.0.0.1,Udp,17664,187,4
00:00:00:00:00:00,00:00:00:00:00:00,lo,127.0.0.53,127.0.0.1,Udp,17664,211,8
0a:87:c7:6e:e9:f1,0a:87:c7:e6:6f:64,enx0a87c76ee9f1,2a04:cec0:11f2:50c6:772e:f0b7:bbca:7e26,2a02:26f0:2b00:5::5c7a:3242,Tcp,24581,44976,55
0a:87:c7:e6:6f:64,0a:87:c7:6e:e9:f1,enx0a87c76ee9f1,2a02:26f0:2b00:5::5c7a:3242,2a04:cec0:11f2:50c6:772e:f0b7:bbca:7e26,Tcp,25856,0,99
00:00:00:00:00:00,00:00:00:00:00:00,lo,127.0.0.1,127.0.0.53,Udp,17664,81,14
0a:87:c7:6e:e9:f1,0a:87:c7:e6:6f:64,enx0a87c76ee9f1,fe80::e883:4193:bcef:cbb3,fe80::887:c7ff:fee6:6f64,Udp,24577,38972,1
0a:87:c7:6e:e9:f1,0a:87:c7:e6:6f:64,enx0a87c76ee9f1,fe80::e883:4193:bcef:cbb3,fe80::887:c7ff:fee6:6f64,Udp,24578,14858,1
0a:87:c7:6e:e9:f1,0a:87:c7:e6:6f:64,enx0a87c76ee9f1,2a04:cec0:11f2:50c6:772e:f0b7:bbca:7e26,2607:f740:e619::1,Tcp,25863,45547,3
00:00:00:00:00:00,00:00:00:00:00:00,lo,127.0.0.53,127.0.0.1,Udp,17664,192,2
00:00:00:00:00:00,00:00:00:00:00:00,lo,127.0.0.53,127.0.0.1,Udp,17664,204,6
0a:87:c7:6e:e9:f1,0a:87:c7:e6:6f:64,enx0a87c76ee9f1,172.20.10.8,34.107.221.82,Tcp,17664,60,2
0a:87:c7:e6:6f:64,0a:87:c7:6e:e9:f1,enx0a87c76ee9f1,34.107.221.82,172.20.10.8,Tcp,17744,60,2
0a:87:c7:6e:e9:f1,0a:87:c7:e6:6f:64,enx0a87c76ee9f1,172.20.10.8,34.107.221.82,Tcp,17664,52,10
0a:87:c7:e6:6f:64,0a:87:c7:6e:e9:f1,enx0a87c76ee9f1,172.20.10.1,172.20.10.8,Udp,17664,67,4
0a:87:c7:6e:e9:f1,0a:87:c7:e6:6f:64,enx0a87c76ee9f1,172.20.10.8,172.20.10.1,Icmp,,,4
0a:87:c7:6e:e9:f1,0a:87:c7:e6:6f:64,enx0a87c76ee9f1,172.20.10.8,34.107.221.82,Tcp,17664,366,1
0a:87:c7:e6:6f:64,0a:87:c7:6e:e9:f1,enx0a87c76ee9f1,34.107.221.82,172.20.10.8,Tcp,17744,52,8
0a:87:c7:e6:6f:64,0a:87:c7:6e:e9:f1,enx0a87c76ee9f1,34.107.221.82,172.20.10.8,Tcp,17744,350,1
00:00:00:00:00:00,00:00:00:00:00:00,lo,127.0.0.1,127.0.0.53,Udp,17664,68,6
0a:87:c7:6e:e9:f1,0a:87:c7:e6:6f:64,enx0a87c76ee9f1,fe80::e883:4193:bcef:cbb3,fe80::887:c7ff:fee6:6f64,Udp,24590,30581,1
00:00:00:00:00:00,00:00:00:00:00:00,lo,127.0.0.1,127.0.0.53,Udp,17664,70,4
0a:87:c7:6e:e9:f1,0a:87:c7:e6:6f:64,enx0a87c76ee9f1,fe80::e883:4193:bcef:cbb3,fe80::887:c7ff:fee6:6f64,Udp,24584,6202,1
00:00:00:00:00:00,00:00:00:00:00:00,lo,127.0.0.53,127.0.0.1,Udp,17664,220,6
0a:87:c7:6e:e9:f1,0a:87:c7:e6:6f:64,enx0a87c76ee9f1,fe80::e883:4193:bcef:cbb3,fe80::887:c7ff:fee6:6f64,Udp,24584,12575,1
0a:87:c7:6e:e9:f1,0a:87:c7:e6:6f:64,enx0a87c76ee9f1,2a04:cec0:11f2:50c6:772e:f0b7:bbca:7e26,2600:1901:0:38d7::,Tcp,24591,1461,7
00:00:00:00:00:00,00:00:00:00:00:00,lo,127.0.0.53,127.0.0.1,Udp,17664,84,4
0a:87:c7:6e:e9:f1,0a:87:c7:e6:6f:64,enx0a87c76ee9f1,fe80::e883:4193:bcef:cbb3,fe80::887:c7ff:fee6:6f64,Udp,24580,54948,1
00:00:00:00:00:00,00:00:00:00:00:00,lo,127.0.0.53,127.0.0.1,Udp,17664,102,2
00:00:00:00:00:00,00:00:00:00:00:00,lo,127.0.0.53,127.0.0.1,Udp,17664,96,2
0a:87:c7:6e:e9:f1,0a:87:c7:e6:6f:64,enx0a87c76ee9f1,172.20.10.8,34.107.221.82,Tcp,17664,368,1
0a:87:c7:e6:6f:64,0a:87:c7:6e:e9:f1,enx0a87c76ee9f1,2600:1901:0:38d7::,2a04:cec0:11f2:50c6:772e:f0b7:bbca:7e26,Tcp,25856,0,6
00:00:00:00:00:00,00:00:00:00:00:00,lo,127.0.0.53,127.0.0.1,Udp,17664,126,2
0a:87:c7:e6:6f:64,0a:87:c7:6e:e9:f1,enx0a87c76ee9f1,34.107.221.82,172.20.10.8,Tcp,17744,268,1
0a:87:c7:e6:6f:64,0a:87:c7:6e:e9:f1,enx0a87c76ee9f1,fe80::887:c7ff:fee6:6f64,fe80::e883:4193:bcef:cbb3,Icmpv6,,,2
0a:87:c7:6e:e9:f1,0a:87:c7:e6:6f:64,enx0a87c76ee9f1,2a04:cec0:11f2:50c6:772e:f0b7:bbca:7e26,64:ff9b::b928:e8a9,Tcp,25860,22188,1
0a:87:c7:6e:e9:f1,0a:87:c7:e6:6f:64,enx0a87c76ee9f1,2a04:cec0:11f2:50c6:772e:f0b7:bbca:7e26,64:ff9b::b928:e8a9,Tcp,25859,3300,3
00:00:00:00:00:00,00:00:00:00:00:00,lo,127.0.0.1,127.0.0.53,Udp,17664,82,24
0a:87:c7:6e:e9:f1,0a:87:c7:e6:6f:64,enx0a87c76ee9f1,fe80::e883:4193:bcef:cbb3,fe80::887:c7ff:fee6:6f64,Udp,24591,7620,1
0a:87:c7:6e:e9:f1,0a:87:c7:e6:6f:64,enx0a87c76ee9f1,fe80::e883:4193:bcef:cbb3,fe80::887:c7ff:fee6:6f64,Udp,24582,11920,1
00:00:00:00:00:00,00:00:00:00:00:00,lo,127.0.0.53,127.0.0.1,Udp,17664,325,6
00:00:00:00:00:00,00:00:00:00:00:00,lo,127.0.0.53,127.0.0.1,Udp,17664,421,8
0a:87:c7:6e:e9:f1,0a:87:c7:e6:6f:64,enx0a87c76ee9f1,2a04:cec0:11f2:50c6:772e:f0b7:bbca:7e26,2603:1027:1:d8::9,Tcp,24583,24,43
0a:87:c7:e6:6f:64,0a:87:c7:6e:e9:f1,enx0a87c76ee9f1,2603:1027:1:d8::9,2a04:cec0:11f2:50c6:772e:f0b7:bbca:7e26,Tcp,25856,0,105
0a:87:c7:e6:6f:64,0a:87:c7:6e:e9:f1,enx0a87c76ee9f1,13.107.42.14,172.20.10.8,Tcp,17744,98,3
0a:87:c7:6e:e9:f1,0a:87:c7:e6:6f:64,enx0a87c76ee9f1,172.20.10.8,13.107.42.14,Tcp,17664,52,6
00:00:00:00:00:00,00:00:00:00:00:00,lo,127.0.0.1,127.0.0.53,Udp,17664,74,12
0a:87:c7:6e:e9:f1,0a:87:c7:e6:6f:64,enx0a87c76ee9f1,fe80::e883:4193:bcef:cbb3,fe80::887:c7ff:fee6:6f64,Udp,24576,24601,1
0a:87:c7:6e:e9:f1,0a:87:c7:e6:6f:64,enx0a87c76ee9f1,fe80::e883:4193:bcef:cbb3,fe80::887:c7ff:fee6:6f64,Udp,24584,27110,1
00:00:00:00:00:00,00:00:00:00:00:00,lo,127.0.0.53,127.0.0.1,Udp,17664,303,4
00:00:00:00:00:00,00:00:00:00:00:00,lo,127.0.0.53,127.0.0.1,Udp,17664,327,4
0a:87:c7:6e:e9:f1,0a:87:c7:e6:6f:64,enx0a87c76ee9f1,2a04:cec0:11f2:50c6:772e:f0b7:bbca:7e26,2620:1ec:46::42,Tcp,24583,59437,15
0a:87:c7:6e:e9:f1,0a:87:c7:e6:6f:64,enx0a87c76ee9f1,2a04:cec0:11f2:50c6:772e:f0b7:bbca:7e26,2620:1ec:46::42,Tcp,24588,38537,17
0a:87:c7:e6:6f:64,0a:87:c7:6e:e9:f1,enx0a87c76ee9f1,2620:1ec:46::42,2a04:cec0:11f2:50c6:772e:f0b7:bbca:7e26,Tcp,25856,0,34
00:00:00:00:00:00,00:00:00:00:00:00,lo,127.0.0.53,127.0.0.1,Udp,17664,359,4
00:00:00:00:00:00,00:00:00:00:00:00,lo,127.0.0.1,127.0.0.53,Udp,17664,91,4
0a:87:c7:6e:e9:f1,0a:87:c7:e6:6f:64,enx0a87c76ee9f1,fe80::e883:4193:bcef:cbb3,fe80::887:c7ff:fee6:6f64,Udp,24583,45429,1
0a:87:c7:6e:e9:f1,0a:87:c7:e6:6f:64,enx0a87c76ee9f1,fe80::e883:4193:bcef:cbb3,fe80::887:c7ff:fee6:6f64,Udp,24582,12823,1
0a:87:c7:6e:e9:f1,0a:87:c7:e6:6f:64,enx0a87c76ee9f1,2a04:cec0:11f2:50c6:772e:f0b7:bbca:7e26,2620:1ec:bdf::42,Tcp,24582,35998,17
0a:87:c7:6e:e9:f1,0a:87:c7:e6:6f:64,enx0a87c76ee9f1,172.20.10.8,172.20.10.1,Udp,17664,78,5
00:00:00:00:00:00,00:00:00:00:00:00,lo,127.0.0.53,127.0.0.1,Udp,17664,315,2
00:00:00:00:00:00,00:00:00:00:00:00,lo,127.0.0.53,127.0.0.1,Udp,17664,219,2
0a:87:c7:6e:e9:f1,0a:87:c7:e6:6f:64,enx0a87c76ee9f1,2a04:cec0:11f2:50c6:772e:f0b7:bbca:7e26,2603:1036:3000:f0::4,Tcp,24576,33563,25
0a:87:c7:6e:e9:f1,0a:87:c7:e6:6f:64,enx0a87c76ee9f1,2a04:cec0:11f2:50c6:772e:f0b7:bbca:7e26,2a00:1450:4007:818::200e,Tcp,24577,57726,4
0a:87:c7:e6:6f:64,0a:87:c7:6e:e9:f1,enx0a87c76ee9f1,2603:1036:3000:f0::4,2a04:cec0:11f2:50c6:772e:f0b7:bbca:7e26,Tcp,25856,0,25
0a:87:c7:e6:6f:64,0a:87:c7:6e:e9:f1,enx0a87c76ee9f1,2a00:1450:4007:818::200e,2a04:cec0:11f2:50c6:772e:f0b7:bbca:7e26,Tcp,25856,0,4
0a:87:c7:6e:e9:f1,0a:87:c7:e6:6f:64,enx0a87c76ee9f1,172.20.10.8,172.20.10.1,Udp,17664,82,3
0a:87:c7:e6:6f:64,0a:87:c7:6e:e9:f1,enx0a87c76ee9f1,172.20.10.1,172.20.10.8,Udp,17664,325,1
0a:87:c7:e6:6f:64,0a:87:c7:6e:e9:f1,enx0a87c76ee9f1,172.20.10.1,172.20.10.8,Udp,17664,421,1
0a:87:c7:6e:e9:f1,0a:87:c7:e6:6f:64,enx0a87c76ee9f1,2a04:cec0:11f2:50c6:772e:f0b7:bbca:7e26,2603:1027:1:d8::9,Tcp,24579,35980,18
0a:87:c7:6e:e9:f1,0a:87:c7:e6:6f:64,enx0a87c76ee9f1,2a04:cec0:11f2:50c6:772e:f0b7:bbca:7e26,2603:1027:1:d8::9,Tcp,24582,36378,19
0a:87:c7:6e:e9:f1,0a:87:c7:e6:6f:64,enx0a87c76ee9f1,2a04:cec0:11f2:50c6:772e:f0b7:bbca:7e26,2603:1027:1:d8::9,Tcp,24586,41729,18
0a:87:c7:6e:e9:f1,0a:87:c7:e6:6f:64,enx0a87c76ee9f1,172.20.10.8,172.20.10.1,Udp,17664,74,1
0a:87:c7:e6:6f:64,0a:87:c7:6e:e9:f1,enx0a87c76ee9f1,172.20.10.1,172.20.10.8,Udp,17664,303,1
0a:87:c7:6e:e9:f1,0a:87:c7:e6:6f:64,enx0a87c76ee9f1,172.20.10.8,172.20.10.1,Udp,17664,86,1
0a:87:c7:e6:6f:64,0a:87:c7:6e:e9:f1,enx0a87c76ee9f1,172.20.10.1,172.20.10.8,Udp,17664,142,1
00:00:00:00:00:00,00:00:00:00:00:00,lo,127.0.0.1,127.0.0.53,Udp,17664,90,16
0a:87:c7:6e:e9:f1,0a:87:c7:e6:6f:64,enx0a87c76ee9f1,172.20.10.8,172.20.10.1,Udp,17664,90,5
00:00:00:00:00:00,00:00:00:00:00:00,lo,127.0.0.53,127.0.0.1,Udp,17664,549,2
0a:87:c7:e6:6f:64,0a:87:c7:6e:e9:f1,enx0a87c76ee9f1,172.20.10.1,172.20.10.8,Udp,17664,211,1
0a:87:c7:6e:e9:f1,0a:87:c7:e6:6f:64,enx0a87c76ee9f1,172.20.10.8,172.20.10.1,Udp,17664,99,1
0a:87:c7:e6:6f:64,0a:87:c7:6e:e9:f1,enx0a87c76ee9f1,172.20.10.1,172.20.10.8,Udp,17664,127,1
00:00:00:00:00:00,00:00:00:00:00:00,lo,127.0.0.53,127.0.0.1,Udp,17664,239,4
0a:87:c7:6e:e9:f1,0a:87:c7:e6:6f:64,enx0a87c76ee9f1,2a04:cec0:11f2:50c6:772e:f0b7:bbca:7e26,64:ff9b::14bd:ad06,Tcp,24587,31068,21
0a:87:c7:e6:6f:64,0a:87:c7:6e:e9:f1,enx0a87c76ee9f1,64:ff9b::14bd:ad06,2a04:cec0:11f2:50c6:772e:f0b7:bbca:7e26,Tcp,25856,0,22
00:00:00:00:00:00,00:00:00:00:00:00,lo,127.0.0.1,127.0.0.53,Udp,17664,80,4
0a:87:c7:6e:e9:f1,0a:87:c7:e6:6f:64,enx0a87c76ee9f1,172.20.10.8,172.20.10.1,Udp,17664,80,2
0a:87:c7:6e:e9:f1,0a:87:c7:e6:6f:64,enx0a87c76ee9f1,2a04:cec0:11f2:50c6:772e:f0b7:bbca:7e26,2603:1063:2000:1::12,Tcp,24587,49269,28
0a:87:c7:e6:6f:64,0a:87:c7:6e:e9:f1,enx0a87c76ee9f1,2603:1063:2000:1::12,2a04:cec0:11f2:50c6:772e:f0b7:bbca:7e26,Tcp,25856,0,28
0a:87:c7:e6:6f:64,0a:87:c7:6e:e9:f1,enx0a87c76ee9f1,172.20.10.1,172.20.10.8,Udp,17664,255,1
0a:87:c7:e6:6f:64,0a:87:c7:6e:e9:f1,enx0a87c76ee9f1,172.20.10.1,172.20.10.8,Udp,17664,279,1
00:00:00:00:00:00,00:00:00:00:00:00,lo,127.0.0.53,127.0.0.1,Udp,17664,255,2
00:00:00:00:00:00,00:00:00:00:00:00,lo,127.0.0.53,127.0.0.1,Udp,17664,279,2
0a:87:c7:6e:e9:f1,0a:87:c7:e6:6f:64,enx0a87c76ee9f1,172.20.10.8,172.20.10.1,Udp,17664,83,2
0a:87:c7:e6:6f:64,0a:87:c7:6e:e9:f1,enx0a87c76ee9f1,172.20.10.1,172.20.10.8,Udp,17664,288,1
0a:87:c7:e6:6f:64,0a:87:c7:6e:e9:f1,enx0a87c76ee9f1,172.20.10.1,172.20.10.8,Udp,17664,300,1
00:00:00:00:00:00,00:00:00:00:00:00,lo,127.0.0.53,127.0.0.1,Udp,17664,288,4
00:00:00:00:00:00,00:00:00:00:00:00,lo,127.0.0.53,127.0.0.1,Udp,17664,300,4
0a:87:c7:6e:e9:f1,0a:87:c7:e6:6f:64,enx0a87c76ee9f1,2a04:cec0:11f2:50c6:772e:f0b7:bbca:7e26,2606:2800:233:1cb7:261b:1f9c:2074:3c,Tcp,24585,494,11
0a:87:c7:e6:6f:64,0a:87:c7:6e:e9:f1,enx0a87c76ee9f1,2606:2800:233:1cb7:261b:1f9c:2074:3c,2a04:cec0:11f2:50c6:772e:f0b7:bbca:7e26,Tcp,25856,0,13
0a:87:c7:6e:e9:f1,0a:87:c7:e6:6f:64,enx0a87c76ee9f1,fe80::e883:4193:bcef:cbb3,2a04:cec0:11f2:50c6:6019:ba57:f4d1:4751,Icmpv6,,,1
0a:87:c7:e6:6f:64,0a:87:c7:6e:e9:f1,enx0a87c76ee9f1,172.20.10.1,172.20.10.8,Udp,17664,237,2
0a:87:c7:e6:6f:64,0a:87:c7:6e:e9:f1,enx0a87c76ee9f1,172.20.10.1,172.20.10.8,Udp,17664,261,2
00:00:00:00:00:00,00:00:00:00:00:00,lo,127.0.0.53,127.0.0.1,Udp,17664,237,4
00:00:00:00:00:00,00:00:00:00:00:00,lo,127.0.0.53,127.0.0.1,Udp,17664,261,4
0a:87:c7:6e:e9:f1,0a:87:c7:e6:6f:64,enx0a87c76ee9f1,2a04:cec0:11f2:50c6:772e:f0b7:bbca:7e26,2620:1ec:46::42,Tcp,25868,38537,1
0a:87:c7:6e:e9:f1,0a:87:c7:e6:6f:64,enx0a87c76ee9f1,2a04:cec0:11f2:50c6:772e:f0b7:bbca:7e26,2620:1ec:46::42,Tcp,25866,33786,5
0a:87:c7:6e:e9:f1,0a:87:c7:e6:6f:64,enx0a87c76ee9f1,fe80::e883:4193:bcef:cbb3,fe80::887:c7ff:fee6:6f64,Udp,24582,48384,1
00:00:00:00:00:00,00:00:00:00:00:00,lo,127.0.0.1,127.0.0.1,Tcp,17664,73,4
0a:87:c7:6e:e9:f1,0a:87:c7:e6:6f:64,enx0a87c76ee9f1,2a04:cec0:11f2:50c6:772e:f0b7:bbca:7e26,64:ff9b::142a:4159,Tcp,24586,33770,1
0a:87:c7:e6:6f:64,0a:87:c7:6e:e9:f1,enx0a87c76ee9f1,64:ff9b::142a:4159,2a04:cec0:11f2:50c6:772e:f0b7:bbca:7e26,Tcp,25856,0,1
0a:87:c7:6e:e9:f1,0a:87:c7:e6:6f:64,enx0a87c76ee9f1,fe80::e883:4193:bcef:cbb3,fe80::887:c7ff:fee6:6f64,Udp,24576,14273,1
0a:87:c7:6e:e9:f1,0a:87:c7:e6:6f:64,enx0a87c76ee9f1,2a04:cec0:11f2:50c6:772e:f0b7:bbca:7e26,2603:1063:2206:14::45,Tcp,24577,6654,15
0a:87:c7:e6:6f:64,0a:87:c7:6e:e9:f1,enx0a87c76ee9f1,2603:1063:2206:14::45,2a04:cec0:11f2:50c6:772e:f0b7:bbca:7e26,Tcp,25856,0,15
0a:87:c7:e6:6f:64,0a:87:c7:6e:e9:f1,enx0a87c76ee9f1,172.20.10.1,172.20.10.8,Udp,17664,106,1
00:00:00:00:00:00,00:00:00:00:00:00,lo,127.0.0.53,127.0.0.1,Udp,17664,106,2
0a:87:c7:6e:e9:f1,0a:87:c7:e6:6f:64,enx0a87c76ee9f1,2a04:cec0:11f2:50c6:772e:f0b7:bbca:7e26,2600:1901:0:92a9::,Tcp,24579,985,2
0a:87:c7:6e:e9:f1,0a:87:c7:e6:6f:64,enx0a87c76ee9f1,172.20.10.8,34.149.100.209,Tcp,17664,98,1
0a:87:c7:e6:6f:64,0a:87:c7:6e:e9:f1,enx0a87c76ee9f1,2600:1901:0:92a9::,2a04:cec0:11f2:50c6:772e:f0b7:bbca:7e26,Tcp,25856,0,2
0a:87:c7:e6:6f:64,0a:87:c7:6e:e9:f1,enx0a87c76ee9f1,34.149.100.209,172.20.10.8,Tcp,17744,52,1
0a:87:c7:e6:6f:64,0a:87:c7:6e:e9:f1,enx0a87c76ee9f1,34.149.100.209,172.20.10.8,Tcp,17744,98,1
0a:87:c7:6e:e9:f1,0a:87:c7:e6:6f:64,enx0a87c76ee9f1,172.20.10.8,34.149.100.209,Tcp,17664,52,1
00:00:00:00:00:00,00:00:00:00:00:00,lo,127.0.0.1,127.0.0.53,Udp,17664,73,4
0a:87:c7:6e:e9:f1,0a:87:c7:e6:6f:64,enx0a87c76ee9f1,172.20.10.8,172.20.10.1,Udp,17664,73,1
0a:87:c7:6e:e9:f1,0a:87:c7:e6:6f:64,enx0a87c76ee9f1,172.20.10.8,13.107.42.14,Tcp,17664,1440,2
0a:87:c7:6e:e9:f1,0a:87:c7:e6:6f:64,enx0a87c76ee9f1,172.20.10.8,13.107.42.14,Tcp,17664,606,1
0a:87:c7:6e:e9:f1,0a:87:c7:e6:6f:64,enx0a87c76ee9f1,172.20.10.8,13.107.42.14,Tcp,17664,420,1
0a:87:c7:e6:6f:64,0a:87:c7:6e:e9:f1,enx0a87c76ee9f1,13.107.42.14,172.20.10.8,Tcp,17744,52,4
0a:87:c7:e6:6f:64,0a:87:c7:6e:e9:f1,enx0a87c76ee9f1,172.20.10.1,172.20.10.8,Udp,17664,153,1
00:00:00:00:00:00,00:00:00:00:00:00,lo,127.0.0.53,127.0.0.1,Udp,17664,153,2
0a:87:c7:6e:e9:f1,0a:87:c7:e6:6f:64,enx0a87c76ee9f1,172.20.10.8,172.20.10.1,Udp,17664,76,1
0a:87:c7:e6:6f:64,0a:87:c7:6e:e9:f1,enx0a87c76ee9f1,172.20.10.1,172.20.10.8,Udp,17664,104,1
00:00:00:00:00:00,00:00:00:00:00:00,lo,127.0.0.53,127.0.0.1,Udp,17664,181,2
0a:87:c7:e6:6f:64,0a:87:c7:6e:e9:f1,enx0a87c76ee9f1,13.107.42.14,172.20.10.8,Tcp,17744,1440,1
0a:87:c7:e6:6f:64,0a:87:c7:6e:e9:f1,enx0a87c76ee9f1,13.107.42.14,172.20.10.8,Tcp,17744,64,1
0a:87:c7:e6:6f:64,0a:87:c7:6e:e9:f1,enx0a87c76ee9f1,13.107.42.14,172.20.10.8,Tcp,17744,1042,2
0a:87:c7:6e:e9:f1,0a:87:c7:e6:6f:64,enx0a87c76ee9f1,172.20.10.8,13.107.42.14,Tcp,17664,64,1
0a:87:c7:6e:e9:f1,0a:87:c7:e6:6f:64,enx0a87c76ee9f1,fe80::e883:4193:bcef:cbb3,fe80::887:c7ff:fee6:6f64,Udp,24578,64756,1
0a:87:c7:e6:6f:64,0a:87:c7:6e:e9:f1,enx0a87c76ee9f1,172.20.10.1,172.20.10.8,Udp,17664,146,1
00:00:00:00:00:00,00:00:00:00:00:00,lo,127.0.0.53,127.0.0.1,Udp,17664,146,4
0a:87:c7:6e:e9:f1,0a:87:c7:e6:6f:64,enx0a87c76ee9f1,fe80::e883:4193:bcef:cbb3,fe80::887:c7ff:fee6:6f64,Udp,24589,46948,1
00:00:00:00:00:00,00:00:00:00:00:00,lo,127.0.0.53,127.0.0.1,Udp,17664,194,4
0a:87:c7:6e:e9:f1,0a:87:c7:e6:6f:64,enx0a87c76ee9f1,2a04:cec0:11f2:50c6:772e:f0b7:bbca:7e26,2606:50c0:8003::153,Tcp,24577,40476,7
0a:87:c7:e6:6f:64,0a:87:c7:6e:e9:f1,enx0a87c76ee9f1,2606:50c0:8003::153,2a04:cec0:11f2:50c6:772e:f0b7:bbca:7e26,Tcp,25856,0,7
0a:87:c7:6e:e9:f1,0a:87:c7:e6:6f:64,enx0a87c76ee9f1,172.20.10.8,40.99.153.130,Tcp,17664,81,1
0a:87:c7:e6:6f:64,0a:87:c7:6e:e9:f1,enx0a87c76ee9f1,40.99.153.130,172.20.10.8,Tcp,17744,64,2
0a:87:c7:e6:6f:64,0a:87:c7:6e:e9:f1,enx0a87c76ee9f1,40.99.153.130,172.20.10.8,Tcp,17744,1440,1
0a:87:c7:e6:6f:64,0a:87:c7:6e:e9:f1,enx0a87c76ee9f1,40.99.153.130,172.20.10.8,Tcp,17744,922,1
00:00:00:00:00:00,00:00:00:00:00:00,lo,127.0.0.1,127.0.0.53,Udp,17664,76,8
0a:87:c7:6e:e9:f1,0a:87:c7:e6:6f:64,enx0a87c76ee9f1,fe80::e883:4193:bcef:cbb3,fe80::887:c7ff:fee6:6f64,Udp,24591,12599,1
0a:87:c7:6e:e9:f1,0a:87:c7:e6:6f:64,enx0a87c76ee9f1,fe80::e883:4193:bcef:cbb3,fe80::887:c7ff:fee6:6f64,Udp,24582,3059,1
00:00:00:00:00:00,00:00:00:00:00:00,lo,127.0.0.53,127.0.0.1,Udp,17664,104,4
00:00:00:00:00:00,00:00:00:00:00:00,lo,127.0.0.53,127.0.0.1,Udp,17664,92,4
0a:87:c7:6e:e9:f1,0a:87:c7:e6:6f:64,enx0a87c76ee9f1,2a04:cec0:11f2:50c6:772e:f0b7:bbca:7e26,2a00:1450:400c:c0c::54,Tcp,24580,63241,16
0a:87:c7:e6:6f:64,0a:87:c7:6e:e9:f1,enx0a87c76ee9f1,2a00:1450:400c:c0c::54,2a04:cec0:11f2:50c6:772e:f0b7:bbca:7e26,Tcp,25856,0,19
