tag,release_id,asset_id,asset_nom,taille,sha256,url_supprimee
app-v3.9.6,272212885,331744394,sonar_3.9.6_x64-setup.exe,4720093,sha256:c747cb778463839e861f747299cfd8cdb0e4ce81dd2a775e16c290587c4615e7,https://github.com/Sonar-team/Sonar_desktop_app/releases/download/app-v3.9.6/sonar_3.9.6_x64-setup.exe
app-v3.10.0,275209704,337924782,sonar_3.10.0_x64-setup.exe,4893812,sha256:65c5624576c5aaac0e9f734390e4b0c1553f4f2b130c109ef5010d899f9f9404,https://github.com/Sonar-team/Sonar_desktop_app/releases/download/app-v3.10.0/sonar_3.10.0_x64-setup.exe
app-v3.10.7,277341569,341402851,sonar_3.10.7_x64-setup.exe,4905258,sha256:e8a5bf69ac6a86d9cb19e924dca53e7855ede2356625abac323cc331d2107d6a,https://github.com/Sonar-team/Sonar_desktop_app/releases/download/app-v3.10.7/sonar_3.10.7_x64-setup.exe
app-v3.10.8,282936080,350559945,sonar_3.10.8_x64-setup.exe,4875207,sha256:6e44d184df9b4d66bcc69e29c58abe5c2c28951a03378ea33ceea68a56025dce,https://github.com/Sonar-team/Sonar_desktop_app/releases/download/app-v3.10.8/sonar_3.10.8_x64-setup.exe
app-v3.10.9,292565561,366096961,sonar_3.10.9_x64-setup.exe,4874762,sha256:c8f9a5fa1b40f5b3f1695eaf4bf4e7aa0de6418e4c35f214138b2f1d914a0615,https://github.com/Sonar-team/Sonar_desktop_app/releases/download/app-v3.10.9/sonar_3.10.9_x64-setup.exe
app-v3.10.10,292570374,366103164,sonar_3.10.10_x64-setup.exe,4875497,sha256:7a836d5e525a1db12cb90d0360ff3dee99772901b59b2def0efea47233188600,https://github.com/Sonar-team/Sonar_desktop_app/releases/download/app-v3.10.10/sonar_3.10.10_x64-setup.exe
app-v3.10.11,293023674,366837402,sonar_3.10.10_x64-setup.exe,4883248,sha256:c0b34a212d7617970873ffbf918fcd0801905fababda57168126c227d52b41d1,https://github.com/Sonar-team/Sonar_desktop_app/releases/download/app-v3.10.11/sonar_3.10.10_x64-setup.exe
app-v3.11.0,293873758,368178529,sonar_3.11.0_x64-setup.exe,4901523,sha256:7308fcef99ca6be821690706b8692ea97633448ce10c11715d0a2bada32e1310,https://github.com/Sonar-team/Sonar_desktop_app/releases/download/app-v3.11.0/sonar_3.11.0_x64-setup.exe
app-v3.11.1,301682350,381901604,sonar_3.11.1_x64-setup.exe,209699540,sha256:75bc32c63a2d71a29efd4f449da32626ad8ebe9b8f2725ec81a58532e6793079,https://github.com/Sonar-team/Sonar_desktop_app/releases/download/app-v3.11.1/sonar_3.11.1_x64-setup.exe
app-v3.11.2,303656318,385495159,sonar_3.11.2_x64-setup.exe,4906042,sha256:94929bcd553b3dd81bad8fdf9ef3a4dd37c557fae1cae7c92cc9019712be39e9,https://github.com/Sonar-team/Sonar_desktop_app/releases/download/app-v3.11.2/sonar_3.11.2_x64-setup.exe
app-v3.12.0,308681219,395986278,sonar_3.12.0_x64-setup.exe,4920594,sha256:05d54bf02cdb66f60fe5d9e81c0d53df4ecd6aa6bb628e9c06254d67e0166e4d,https://github.com/Sonar-team/Sonar_desktop_app/releases/download/app-v3.12.0/sonar_3.12.0_x64-setup.exe
app-v3.12.2,311742901,401602391,sonar_3.12.2_x64-setup.exe,4907735,sha256:26f521afaa6598d6925bd2b4bb4f185d886dbbcaba94488cf1a3f5b3ca7ce2f5,https://github.com/Sonar-team/Sonar_desktop_app/releases/download/app-v3.12.2/sonar_3.12.2_x64-setup.exe
app-v3.12.3,314644681,407458066,sonar_3.12.2_x64-setup.exe,4908552,sha256:61ac5d0647ab6be52bf989f3267395929a094061bff8d2f1028aadd1d58ff301,https://github.com/Sonar-team/Sonar_desktop_app/releases/download/app-v3.12.3/sonar_3.12.2_x64-setup.exe
app-v3.13.2,318853520,414295977,sonar_3.13.2_x64-setup.exe,4919060,sha256:024108f4e02833afa90e9abffd1c2df5ac070c223cc596d5fb104362b84e73d8,https://github.com/Sonar-team/Sonar_desktop_app/releases/download/app-v3.13.2/sonar_3.13.2_x64-setup.exe
app-v3.13.3,318941546,414415836,sonar_3.13.3_x64-setup.exe,4922346,sha256:421939582dbc39a38402740ac157bcfb255f8f2f9ad7f5a8dbeab21472457923,https://github.com/Sonar-team/Sonar_desktop_app/releases/download/app-v3.13.3/sonar_3.13.3_x64-setup.exe
app-v3.13.4,319010148,414494528,sonar_3.13.4_x64-setup.exe,4920343,sha256:afb2a60cc1592122f2d549572a44d3f7f800ce5698aa05e05016bb996798583f,https://github.com/Sonar-team/Sonar_desktop_app/releases/download/app-v3.13.4/sonar_3.13.4_x64-setup.exe
app-v3.13.5,324170777,423162469,sonar_3.13.5_x64-setup.exe,4925428,sha256:aeb99056fe6d3e919fb8195664e651f4a033d295ebbe75883ccb8a64d30f9b02,https://github.com/Sonar-team/Sonar_desktop_app/releases/download/app-v3.13.5/sonar_3.13.5_x64-setup.exe
app-v3.13.6,324233151,423228572,sonar_3.13.6_x64-setup.exe,4919628,sha256:ebed825752687f8d82c86e69dbfed76b3d14e0800d6184509831874dfd1be32d,https://github.com/Sonar-team/Sonar_desktop_app/releases/download/app-v3.13.6/sonar_3.13.6_x64-setup.exe
app-v3.13.7,324256554,423252287,sonar_3.13.7_x64-setup.exe,4917896,sha256:b93c9cbd42cbe1d13357096ba4237ab7721df6b141aaad8f6cfe6ad107b55c2f,https://github.com/Sonar-team/Sonar_desktop_app/releases/download/app-v3.13.7/sonar_3.13.7_x64-setup.exe
app-v3.13.8,324267729,423264811,sonar_3.13.8_x64-setup.exe,4919996,sha256:839dd1da0bb3ca7b9978bcbd91887238a7e61846be3c22a06b6015fae23a5433,https://github.com/Sonar-team/Sonar_desktop_app/releases/download/app-v3.13.8/sonar_3.13.8_x64-setup.exe
app-v3.12.9,326010788,425277385,sonar_3.13.8_x64-setup.exe,4916330,sha256:bf795e623d0a3eadd5925d3ec7e47a80c1008ed85f9be2771ffae97551fa92f1,https://github.com/Sonar-team/Sonar_desktop_app/releases/download/app-v3.12.9/sonar_3.13.8_x64-setup.exe
app-v3.13.14,337299916,443797077,sonar-windows-x86_64-setup.exe,4919846,sha256:637e87b9ea18e123116df414e01cd3a6a035ec8f19899e95223bdf0f0fdcad4d,https://github.com/Sonar-team/Sonar_desktop_app/releases/download/app-v3.13.14/sonar-windows-x86_64-setup.exe
app-v3.13.19,337819640,444551830,sonar-windows-x86_64-setup.exe,4923705,sha256:bc1a3e30e0f6e19970ebc19afab27763a7b5970cdff4c1918adf96ac26731be9,https://github.com/Sonar-team/Sonar_desktop_app/releases/download/app-v3.13.19/sonar-windows-x86_64-setup.exe
app-v3.13.22,342526436,453713598,sonar_3.13.22_x64-setup.exe,4925852,sha256:ae82254530f221a124ba6b2d3599eed85c24a2cc291b3dcaf5b66fe86cfd3317,https://github.com/Sonar-team/Sonar_desktop_app/releases/download/app-v3.13.22/sonar_3.13.22_x64-setup.exe
app-v3.13.24,342614710,454008314,sonar_3.13.24_x64-setup.exe,4930000,sha256:2f2c5a510b37ef1208f1f38b0e1fe06485654430e8bc726a53081c9203d6030b,https://github.com/Sonar-team/Sonar_desktop_app/releases/download/app-v3.13.24/sonar_3.13.24_x64-setup.exe
app-v3.13.25,343633672,455804979,sonar_3.13.25_x64-setup.exe,4932961,sha256:36837f9f0f07195b6dfa6077cd74dcc93ac432ee456791bd7817cf6df666f34a,https://github.com/Sonar-team/Sonar_desktop_app/releases/download/app-v3.13.25/sonar_3.13.25_x64-setup.exe
app-v3.14.0,344043151,456553812,sonar_3.14.0_x64-setup.exe,4944882,sha256:958b2c7c6dc2b6bd37d0a5c6441b690af7e6ed91ca961067850ca94515fc2db4,https://github.com/Sonar-team/Sonar_desktop_app/releases/download/app-v3.14.0/sonar_3.14.0_x64-setup.exe
app-v3.14.1,344083899,456612489,sonar_3.14.0_x64-setup.exe,4945112,sha256:7e63925a7ff6cd731f1977b7b40013fb832c59d1817be427160ad902b093dfdf,https://github.com/Sonar-team/Sonar_desktop_app/releases/download/app-v3.14.1/sonar_3.14.0_x64-setup.exe
app-v3.14.2,344116582,456658057,sonar_3.14.2_x64-setup.exe,4945748,sha256:166a968b2f8afa4e328264be5a46347ab0e5a1d313c013972cfc137b11dd6a1e,https://github.com/Sonar-team/Sonar_desktop_app/releases/download/app-v3.14.2/sonar_3.14.2_x64-setup.exe
app-v3.14.3,345242756,458528495,sonar_3.14.3_x64-setup.exe,4944867,sha256:d746a891496173aa956a8bf0bfb2279899977b2677cce34dc466689a89a5db68,https://github.com/Sonar-team/Sonar_desktop_app/releases/download/app-v3.14.3/sonar_3.14.3_x64-setup.exe
app-v3.14.5,345287457,458605173,sonar_3.14.5_x64-setup.exe,4948139,sha256:60fa96e12f8b3c9462c1170b3cf0a06ca06eb4d696712cc70d269672e98cdf4e,https://github.com/Sonar-team/Sonar_desktop_app/releases/download/app-v3.14.5/sonar_3.14.5_x64-setup.exe
app-v3.14.6,346078370,460813905,sonar_3.14.6_x64-setup.exe,4947888,sha256:648232787ecc3da28e90cb24dfc454d05460d4e154bca3aff2b9478a8c0532aa,https://github.com/Sonar-team/Sonar_desktop_app/releases/download/app-v3.14.6/sonar_3.14.6_x64-setup.exe
app-v4.0.0,349249199,467448579,sonar_4.0.0_x64-setup.exe,5012304,sha256:617238938a0a5109fd7fc405be93cd4b0bff9df4760c0dd59e53014f329f63a5,https://github.com/Sonar-team/Sonar_desktop_app/releases/download/app-v4.0.0/sonar_4.0.0_x64-setup.exe
app-v4.0.1,349390325,467875916,sonar_4.0.1_x64-setup.exe,5014550,sha256:0e9c7867460c809a5188fc372f9316d25e2dd228d397a75023baa6798cb22b2d,https://github.com/Sonar-team/Sonar_desktop_app/releases/download/app-v4.0.1/sonar_4.0.1_x64-setup.exe
app-v4.1.0,350176828,469089585,sonar_4.1.0_x64-setup.exe,5041044,sha256:9bcb5d123829e0bca289de6598f5ee13f833690ac7ffb1d926dafc86a8757d02,https://github.com/Sonar-team/Sonar_desktop_app/releases/download/app-v4.1.0/sonar_4.1.0_x64-setup.exe
app-v4.1.1,350289711,469186593,sonar_4.1.1_x64-setup.exe,5059229,sha256:0865568513ed681a6f9078b77d0bfd1fd7145d3b705560433964bb287bc9a0c3,https://github.com/Sonar-team/Sonar_desktop_app/releases/download/app-v4.1.1/sonar_4.1.1_x64-setup.exe
v4.2.0,350954714,470312357,sonar_4.2.0_x64-setup.exe,5064715,sha256:28f750856e0c6e4db901e61d9dc4b30f39f74793748432af4592f05620733680,https://github.com/Sonar-team/Sonar_desktop_app/releases/download/v4.2.0/sonar_4.2.0_x64-setup.exe
v4.3.0,351415302,471178935,sonar_4.3.0_x64-setup.exe,5089289,sha256:248cb44e986df6a33a166141c0d739a927ba541e1237f4ae430ffa4fd32c3b5c,https://github.com/Sonar-team/Sonar_desktop_app/releases/download/v4.3.0/sonar_4.3.0_x64-setup.exe
v4.3.1,351544338,471377709,sonar_4.3.1_x64-setup.exe,5085760,sha256:71e3de1dc8e9d01f40269778f6d681ca68615159d1826fbacc2d115307faecf9,https://github.com/Sonar-team/Sonar_desktop_app/releases/download/v4.3.1/sonar_4.3.1_x64-setup.exe
