tag,classification,npcap_fichier,blob_sha1,sha256,release_publique,release_url,assets_windows
v2.2.2,wix-dormant,src-tauri/windows/npcap-1.80.exe,691a5540cdba681a52fd375ffb876c3b2ab2c79e,ac4f26d7d9f994d6f04141b2266f02682def51af63c09c96a7268552c94a6535,non,,
v2.2.1,wix-dormant,src-tauri/windows/npcap-1.80.exe,691a5540cdba681a52fd375ffb876c3b2ab2c79e,ac4f26d7d9f994d6f04141b2266f02682def51af63c09c96a7268552c94a6535,non,,
v2.2.4,wix-dormant,src-tauri/windows/npcap-1.80.exe,691a5540cdba681a52fd375ffb876c3b2ab2c79e,ac4f26d7d9f994d6f04141b2266f02682def51af63c09c96a7268552c94a6535,non,,
app-v2.2.6,wix-dormant,src-tauri/windows/npcap-1.80.exe,691a5540cdba681a52fd375ffb876c3b2ab2c79e,ac4f26d7d9f994d6f04141b2266f02682def51af63c09c96a7268552c94a6535,non,,
v2.2.8,wix-dormant,src-tauri/windows/npcap-1.80.exe,691a5540cdba681a52fd375ffb876c3b2ab2c79e,ac4f26d7d9f994d6f04141b2266f02682def51af63c09c96a7268552c94a6535,non,,
app-v2.2.9,wix-dormant,src-tauri/windows/npcap-1.80.exe,691a5540cdba681a52fd375ffb876c3b2ab2c79e,ac4f26d7d9f994d6f04141b2266f02682def51af63c09c96a7268552c94a6535,non,,
2.2.13,wix-dormant,src-tauri/windows/npcap-1.80.exe,691a5540cdba681a52fd375ffb876c3b2ab2c79e,ac4f26d7d9f994d6f04141b2266f02682def51af63c09c96a7268552c94a6535,non,,
2.3.3,wix-dormant,src-tauri/windows/npcap-1.80.exe,691a5540cdba681a52fd375ffb876c3b2ab2c79e,ac4f26d7d9f994d6f04141b2266f02682def51af63c09c96a7268552c94a6535,non,,
app-v2.3.6,wix-dormant,src-tauri/windows/npcap-1.80.exe,691a5540cdba681a52fd375ffb876c3b2ab2c79e,ac4f26d7d9f994d6f04141b2266f02682def51af63c09c96a7268552c94a6535,non,,
3.4.0,wix-dormant,src-tauri/windows/npcap-1.80.exe,691a5540cdba681a52fd375ffb876c3b2ab2c79e,ac4f26d7d9f994d6f04141b2266f02682def51af63c09c96a7268552c94a6535,non,,
app-v3.8.2,wix-dormant,src-tauri/windows/npcap-1.80.exe,691a5540cdba681a52fd375ffb876c3b2ab2c79e,ac4f26d7d9f994d6f04141b2266f02682def51af63c09c96a7268552c94a6535,non,,
3.9.3,wix-dormant,src-tauri/windows/npcap-1.85.exe,791020dcbff25235b6c5eac32f28bdb32604669e,4038de8dfdd254d21ebc3269c21f138695a07de2d2fbe57181ce4c0da87531c7,non,,
3.10.1,nsis-resource,src-tauri/windows/npcap-1.86.exe,d04b0408c560473352b87121b416802d8f445582,a4f7ab0c5850b819dc7a131213c16a9deaf8d32bceed7131fea38740ea788503,non,,
app-v3.10.1,nsis-resource,src-tauri/windows/npcap-1.86.exe,d04b0408c560473352b87121b416802d8f445582,a4f7ab0c5850b819dc7a131213c16a9deaf8d32bceed7131fea38740ea788503,non,,
app-v3.10.2,nsis-resource,src-tauri/windows/npcap-1.86.exe,d04b0408c560473352b87121b416802d8f445582,a4f7ab0c5850b819dc7a131213c16a9deaf8d32bceed7131fea38740ea788503,non,,
app-v3.10.3,nsis-resource,src-tauri/windows/npcap-1.86.exe,d04b0408c560473352b87121b416802d8f445582,a4f7ab0c5850b819dc7a131213c16a9deaf8d32bceed7131fea38740ea788503,non,,
app-v3.10.4,nsis-resource,src-tauri/windows/npcap-1.86.exe,d04b0408c560473352b87121b416802d8f445582,a4f7ab0c5850b819dc7a131213c16a9deaf8d32bceed7131fea38740ea788503,non,,
app-v3.10.6,nsis-resource,src-tauri/windows/npcap-1.86.exe,d04b0408c560473352b87121b416802d8f445582,a4f7ab0c5850b819dc7a131213c16a9deaf8d32bceed7131fea38740ea788503,non,,
3.10.11,nsis-resource,src-tauri/windows/npcap-1.86.exe,d04b0408c560473352b87121b416802d8f445582,a4f7ab0c5850b819dc7a131213c16a9deaf8d32bceed7131fea38740ea788503,non,,
app-v3.12.1,nsis-resource,src-tauri/windows/npcap-1.87.exe,ebebbe201f24ddc9a1697d9165ad36a09ef76bb6,142c234f09a9618d7cdc2c37f607d6fc06615fad5581f728b60d4ad659f906bd,non,,
app-v3.13.0,nsis-resource,src-tauri/windows/npcap-1.87.exe,ebebbe201f24ddc9a1697d9165ad36a09ef76bb6,142c234f09a9618d7cdc2c37f607d6fc06615fad5581f728b60d4ad659f906bd,non,,
app-v3.13.1-hotfix,nsis-resource,src-tauri/windows/npcap-1.87.exe,ebebbe201f24ddc9a1697d9165ad36a09ef76bb6,142c234f09a9618d7cdc2c37f607d6fc06615fad5581f728b60d4ad659f906bd,non,,
app-v3.13.9,nsis-resource,src-tauri/windows/npcap-1.87.exe,ebebbe201f24ddc9a1697d9165ad36a09ef76bb6,142c234f09a9618d7cdc2c37f607d6fc06615fad5581f728b60d4ad659f906bd,non,,
app-v3.13.10,nsis-resource,src-tauri/windows/npcap-1.87.exe,ebebbe201f24ddc9a1697d9165ad36a09ef76bb6,142c234f09a9618d7cdc2c37f607d6fc06615fad5581f728b60d4ad659f906bd,non,,
app-v3.13.11,nsis-resource,src-tauri/windows/npcap-1.87.exe,ebebbe201f24ddc9a1697d9165ad36a09ef76bb6,142c234f09a9618d7cdc2c37f607d6fc06615fad5581f728b60d4ad659f906bd,non,,
app-v3.13.15,nsis-resource,src-tauri/windows/npcap-1.87.exe,ebebbe201f24ddc9a1697d9165ad36a09ef76bb6,142c234f09a9618d7cdc2c37f607d6fc06615fad5581f728b60d4ad659f906bd,non,,
app-v3.13.20,nsis-resource,src-tauri/windows/npcap-1.87.exe,ebebbe201f24ddc9a1697d9165ad36a09ef76bb6,142c234f09a9618d7cdc2c37f607d6fc06615fad5581f728b60d4ad659f906bd,non,,
app-v3.13.21,nsis-resource,src-tauri/windows/npcap-1.87.exe,ebebbe201f24ddc9a1697d9165ad36a09ef76bb6,142c234f09a9618d7cdc2c37f607d6fc06615fad5581f728b60d4ad659f906bd,non,,
v3.13.23,nsis-resource,src-tauri/windows/npcap-1.87.exe,ebebbe201f24ddc9a1697d9165ad36a09ef76bb6,142c234f09a9618d7cdc2c37f607d6fc06615fad5581f728b60d4ad659f906bd,non,,
v4.0.0,nsis-resource,src-tauri/windows/npcap-1.87.exe,ebebbe201f24ddc9a1697d9165ad36a09ef76bb6,142c234f09a9618d7cdc2c37f607d6fc06615fad5581f728b60d4ad659f906bd,non,,
app-v2.1.0,wix-dormant,src-tauri/windows/npcap-1.80.exe,691a5540cdba681a52fd375ffb876c3b2ab2c79e,ac4f26d7d9f994d6f04141b2266f02682def51af63c09c96a7268552c94a6535,oui,https://github.com/Sonar-team/Sonar_desktop_app/releases/tag/app-v2.1.0,sonar_2.1.0_x64-setup.exe;sonar_2.1.0_x64_fr-FR.msi
app-v1.2.4,wix-dormant,src-tauri/windows/npcap-1.80.exe,691a5540cdba681a52fd375ffb876c3b2ab2c79e,ac4f26d7d9f994d6f04141b2266f02682def51af63c09c96a7268552c94a6535,oui,https://github.com/Sonar-team/Sonar_desktop_app/releases/tag/app-v1.2.4,sonar_2.1.4_x64-setup.exe;sonar_2.1.4_x64_fr-FR.msi
app-v2.2.0,wix-dormant,src-tauri/windows/npcap-1.80.exe,691a5540cdba681a52fd375ffb876c3b2ab2c79e,ac4f26d7d9f994d6f04141b2266f02682def51af63c09c96a7268552c94a6535,oui,https://github.com/Sonar-team/Sonar_desktop_app/releases/tag/app-v2.2.0,sonar_2.2.0_x64-setup.exe;sonar_2.2.0_x64_fr-FR.msi
app-v2.2.1,wix-dormant,src-tauri/windows/npcap-1.80.exe,691a5540cdba681a52fd375ffb876c3b2ab2c79e,ac4f26d7d9f994d6f04141b2266f02682def51af63c09c96a7268552c94a6535,oui,https://github.com/Sonar-team/Sonar_desktop_app/releases/tag/app-v2.2.1,sonar_2.2.0_x64-setup.exe;sonar_2.2.0_x64_fr-FR.msi
app-v2.2.2,wix-dormant,src-tauri/windows/npcap-1.80.exe,691a5540cdba681a52fd375ffb876c3b2ab2c79e,ac4f26d7d9f994d6f04141b2266f02682def51af63c09c96a7268552c94a6535,oui,https://github.com/Sonar-team/Sonar_desktop_app/releases/tag/app-v2.2.2,sonar_2.2.1_x64-setup.exe;sonar_2.2.1_x64_fr-FR.msi
app-v2.2.3,wix-dormant,src-tauri/windows/npcap-1.80.exe,691a5540cdba681a52fd375ffb876c3b2ab2c79e,ac4f26d7d9f994d6f04141b2266f02682def51af63c09c96a7268552c94a6535,oui,https://github.com/Sonar-team/Sonar_desktop_app/releases/tag/app-v2.2.3,sonar_2.2.3_x64-setup.exe;sonar_2.2.3_x64_fr-FR.msi
app-v2.2.4,wix-dormant,src-tauri/windows/npcap-1.80.exe,691a5540cdba681a52fd375ffb876c3b2ab2c79e,ac4f26d7d9f994d6f04141b2266f02682def51af63c09c96a7268552c94a6535,oui,https://github.com/Sonar-team/Sonar_desktop_app/releases/tag/app-v2.2.4,sonar_2.2.4_x64-setup.exe;sonar_2.2.4_x64_fr-FR.msi
app-v2.2.5,wix-dormant,src-tauri/windows/npcap-1.80.exe,691a5540cdba681a52fd375ffb876c3b2ab2c79e,ac4f26d7d9f994d6f04141b2266f02682def51af63c09c96a7268552c94a6535,oui,https://github.com/Sonar-team/Sonar_desktop_app/releases/tag/app-v2.2.5,sonar_2.2.5_x64-setup.exe;sonar_2.2.5_x64_fr-FR.msi
app-v2.2.7,wix-dormant,src-tauri/windows/npcap-1.80.exe,691a5540cdba681a52fd375ffb876c3b2ab2c79e,ac4f26d7d9f994d6f04141b2266f02682def51af63c09c96a7268552c94a6535,oui,https://github.com/Sonar-team/Sonar_desktop_app/releases/tag/app-v2.2.7,sonar_2.2.5_x64-setup.exe;sonar_2.2.5_x64_fr-FR.msi
app-v2.2.8,wix-dormant,src-tauri/windows/npcap-1.80.exe,691a5540cdba681a52fd375ffb876c3b2ab2c79e,ac4f26d7d9f994d6f04141b2266f02682def51af63c09c96a7268552c94a6535,oui,https://github.com/Sonar-team/Sonar_desktop_app/releases/tag/app-v2.2.8,sonar_2.2.7_x64-setup.exe;sonar_2.2.7_x64_fr-FR.msi
app-v2.2.10,wix-dormant,src-tauri/windows/npcap-1.80.exe,691a5540cdba681a52fd375ffb876c3b2ab2c79e,ac4f26d7d9f994d6f04141b2266f02682def51af63c09c96a7268552c94a6535,oui,https://github.com/Sonar-team/Sonar_desktop_app/releases/tag/app-v2.2.10,
app-v2.2.11,wix-dormant,src-tauri/windows/npcap-1.80.exe,691a5540cdba681a52fd375ffb876c3b2ab2c79e,ac4f26d7d9f994d6f04141b2266f02682def51af63c09c96a7268552c94a6535,oui,https://github.com/Sonar-team/Sonar_desktop_app/releases/tag/app-v2.2.11,
app-v2.2.12,wix-dormant,src-tauri/windows/npcap-1.80.exe,691a5540cdba681a52fd375ffb876c3b2ab2c79e,ac4f26d7d9f994d6f04141b2266f02682def51af63c09c96a7268552c94a6535,oui,https://github.com/Sonar-team/Sonar_desktop_app/releases/tag/app-v2.2.12,
app-v2.2.13,wix-dormant,src-tauri/windows/npcap-1.80.exe,691a5540cdba681a52fd375ffb876c3b2ab2c79e,ac4f26d7d9f994d6f04141b2266f02682def51af63c09c96a7268552c94a6535,oui,https://github.com/Sonar-team/Sonar_desktop_app/releases/tag/app-v2.2.13,sonar_2.2.13_x64-setup.exe;sonar_2.2.13_x64_fr-FR.msi
app-v2.3.0,wix-dormant,src-tauri/windows/npcap-1.80.exe,691a5540cdba681a52fd375ffb876c3b2ab2c79e,ac4f26d7d9f994d6f04141b2266f02682def51af63c09c96a7268552c94a6535,oui,https://github.com/Sonar-team/Sonar_desktop_app/releases/tag/app-v2.3.0,sonar_2.2.13_x64-setup.exe;sonar_2.2.13_x64_fr-FR.msi
app-v2.3.1,wix-dormant,src-tauri/windows/npcap-1.80.exe,691a5540cdba681a52fd375ffb876c3b2ab2c79e,ac4f26d7d9f994d6f04141b2266f02682def51af63c09c96a7268552c94a6535,oui,https://github.com/Sonar-team/Sonar_desktop_app/releases/tag/app-v2.3.1,sonar_2.3.1_x64-setup.exe;sonar_2.3.1_x64_fr-FR.msi
app-v2.3.2,wix-dormant,src-tauri/windows/npcap-1.80.exe,691a5540cdba681a52fd375ffb876c3b2ab2c79e,ac4f26d7d9f994d6f04141b2266f02682def51af63c09c96a7268552c94a6535,oui,https://github.com/Sonar-team/Sonar_desktop_app/releases/tag/app-v2.3.2,sonar_2.3.2_x64-setup.exe;sonar_2.3.2_x64_fr-FR.msi
app-v2.3.3,wix-dormant,src-tauri/windows/npcap-1.80.exe,691a5540cdba681a52fd375ffb876c3b2ab2c79e,ac4f26d7d9f994d6f04141b2266f02682def51af63c09c96a7268552c94a6535,oui,https://github.com/Sonar-team/Sonar_desktop_app/releases/tag/app-v2.3.3,sonar_2.3.2_x64-setup.exe;sonar_2.3.2_x64_fr-FR.msi
app-v2.3.4,wix-dormant,src-tauri/windows/npcap-1.80.exe,691a5540cdba681a52fd375ffb876c3b2ab2c79e,ac4f26d7d9f994d6f04141b2266f02682def51af63c09c96a7268552c94a6535,oui,https://github.com/Sonar-team/Sonar_desktop_app/releases/tag/app-v2.3.4,sonar_2.3.3_x64-setup.exe;sonar_2.3.3_x64_fr-FR.msi
app-v2.3.5,wix-dormant,src-tauri/windows/npcap-1.80.exe,691a5540cdba681a52fd375ffb876c3b2ab2c79e,ac4f26d7d9f994d6f04141b2266f02682def51af63c09c96a7268552c94a6535,oui,https://github.com/Sonar-team/Sonar_desktop_app/releases/tag/app-v2.3.5,sonar_2.3.3_x64-setup.exe;sonar_2.3.3_x64_fr-FR.msi
app-v2.3.7,wix-dormant,src-tauri/windows/npcap-1.80.exe,691a5540cdba681a52fd375ffb876c3b2ab2c79e,ac4f26d7d9f994d6f04141b2266f02682def51af63c09c96a7268552c94a6535,oui,https://github.com/Sonar-team/Sonar_desktop_app/releases/tag/app-v2.3.7,sonar_2.3.6_x64-setup.exe;sonar_2.3.6_x64_fr-FR.msi
app-v3.0.0,wix-dormant,src-tauri/windows/npcap-1.80.exe,691a5540cdba681a52fd375ffb876c3b2ab2c79e,ac4f26d7d9f994d6f04141b2266f02682def51af63c09c96a7268552c94a6535,oui,https://github.com/Sonar-team/Sonar_desktop_app/releases/tag/app-v3.0.0,sonar_2.3.7_x64-setup.exe;sonar_2.3.7_x64_fr-FR.msi
app-v3.0.1,wix-dormant,src-tauri/windows/npcap-1.80.exe,691a5540cdba681a52fd375ffb876c3b2ab2c79e,ac4f26d7d9f994d6f04141b2266f02682def51af63c09c96a7268552c94a6535,oui,https://github.com/Sonar-team/Sonar_desktop_app/releases/tag/app-v3.0.1,
app-v3.1.0,wix-dormant,src-tauri/windows/npcap-1.80.exe,691a5540cdba681a52fd375ffb876c3b2ab2c79e,ac4f26d7d9f994d6f04141b2266f02682def51af63c09c96a7268552c94a6535,oui,https://github.com/Sonar-team/Sonar_desktop_app/releases/tag/app-v3.1.0,
app-v3.2.0,wix-dormant,src-tauri/windows/npcap-1.80.exe,691a5540cdba681a52fd375ffb876c3b2ab2c79e,ac4f26d7d9f994d6f04141b2266f02682def51af63c09c96a7268552c94a6535,oui,https://github.com/Sonar-team/Sonar_desktop_app/releases/tag/app-v3.2.0,
app-v3.2.1,wix-dormant,src-tauri/windows/npcap-1.80.exe,691a5540cdba681a52fd375ffb876c3b2ab2c79e,ac4f26d7d9f994d6f04141b2266f02682def51af63c09c96a7268552c94a6535,oui,https://github.com/Sonar-team/Sonar_desktop_app/releases/tag/app-v3.2.1,
app-v3.2.2,wix-dormant,src-tauri/windows/npcap-1.80.exe,691a5540cdba681a52fd375ffb876c3b2ab2c79e,ac4f26d7d9f994d6f04141b2266f02682def51af63c09c96a7268552c94a6535,oui,https://github.com/Sonar-team/Sonar_desktop_app/releases/tag/app-v3.2.2,sonar_3.2.1_x64-setup.exe;sonar_3.2.1_x64_fr-FR.msi
app-v3.2.3,wix-dormant,src-tauri/windows/npcap-1.80.exe,691a5540cdba681a52fd375ffb876c3b2ab2c79e,ac4f26d7d9f994d6f04141b2266f02682def51af63c09c96a7268552c94a6535,oui,https://github.com/Sonar-team/Sonar_desktop_app/releases/tag/app-v3.2.3,sonar_3.2.3_x64-setup_windows.exe;sonar_3.2.3_x64_fr-FR_windows.msi
app-v3.3.0,wix-dormant,src-tauri/windows/npcap-1.80.exe,691a5540cdba681a52fd375ffb876c3b2ab2c79e,ac4f26d7d9f994d6f04141b2266f02682def51af63c09c96a7268552c94a6535,oui,https://github.com/Sonar-team/Sonar_desktop_app/releases/tag/app-v3.3.0,sonar_3.3.0_x64-setup_windows.exe;sonar_3.3.0_x64_fr-FR_windows.msi
app-v3.3.1,wix-dormant,src-tauri/windows/npcap-1.80.exe,691a5540cdba681a52fd375ffb876c3b2ab2c79e,ac4f26d7d9f994d6f04141b2266f02682def51af63c09c96a7268552c94a6535,oui,https://github.com/Sonar-team/Sonar_desktop_app/releases/tag/app-v3.3.1,sonar_3.3.1_x64-setup_windows.exe;sonar_3.3.1_x64_fr-FR_windows.msi
app-v3.4.0,wix-dormant,src-tauri/windows/npcap-1.80.exe,691a5540cdba681a52fd375ffb876c3b2ab2c79e,ac4f26d7d9f994d6f04141b2266f02682def51af63c09c96a7268552c94a6535,oui,https://github.com/Sonar-team/Sonar_desktop_app/releases/tag/app-v3.4.0,sonar_3.4.0_x64-setup_windows.exe;sonar_3.4.0_x64_fr-FR_windows.msi
app-v3.4.1,wix-dormant,src-tauri/windows/npcap-1.80.exe,691a5540cdba681a52fd375ffb876c3b2ab2c79e,ac4f26d7d9f994d6f04141b2266f02682def51af63c09c96a7268552c94a6535,oui,https://github.com/Sonar-team/Sonar_desktop_app/releases/tag/app-v3.4.1,sonar_3.4.1_x64-setup_windows.exe;sonar_3.4.1_x64_fr-FR_windows.msi
app-v3.5.0,wix-dormant,src-tauri/windows/npcap-1.80.exe,691a5540cdba681a52fd375ffb876c3b2ab2c79e,ac4f26d7d9f994d6f04141b2266f02682def51af63c09c96a7268552c94a6535,oui,https://github.com/Sonar-team/Sonar_desktop_app/releases/tag/app-v3.5.0,sonar_3.5.0_x64-setup.exe;sonar_3.5.0_x64_fr-FR.msi
app-v3.6.0,wix-dormant,src-tauri/windows/npcap-1.80.exe,691a5540cdba681a52fd375ffb876c3b2ab2c79e,ac4f26d7d9f994d6f04141b2266f02682def51af63c09c96a7268552c94a6535,oui,https://github.com/Sonar-team/Sonar_desktop_app/releases/tag/app-v3.6.0,sonar_3.5.0_x64-setup.exe;sonar_3.5.0_x64_fr-FR.msi
app-v3.7.0,wix-dormant,src-tauri/windows/npcap-1.80.exe,691a5540cdba681a52fd375ffb876c3b2ab2c79e,ac4f26d7d9f994d6f04141b2266f02682def51af63c09c96a7268552c94a6535,oui,https://github.com/Sonar-team/Sonar_desktop_app/releases/tag/app-v3.7.0,sonar_3.7.0_x64-setup.exe;sonar_3.7.0_x64_fr-FR.msi
app-v3.8.0,wix-dormant,src-tauri/windows/npcap-1.80.exe,691a5540cdba681a52fd375ffb876c3b2ab2c79e,ac4f26d7d9f994d6f04141b2266f02682def51af63c09c96a7268552c94a6535,oui,https://github.com/Sonar-team/Sonar_desktop_app/releases/tag/app-v3.8.0,sonar_3.8.0_x64-setup.exe;sonar_3.8.0_x64_fr-FR.msi
app-v3.8.1,wix-dormant,src-tauri/windows/npcap-1.80.exe,691a5540cdba681a52fd375ffb876c3b2ab2c79e,ac4f26d7d9f994d6f04141b2266f02682def51af63c09c96a7268552c94a6535,oui,https://github.com/Sonar-team/Sonar_desktop_app/releases/tag/app-v3.8.1,sonar_3.8.1_x64-setup.exe;sonar_3.8.1_x64_fr-FR.msi
app-v3.8.3,wix-dormant,src-tauri/windows/npcap-1.80.exe,691a5540cdba681a52fd375ffb876c3b2ab2c79e,ac4f26d7d9f994d6f04141b2266f02682def51af63c09c96a7268552c94a6535,oui,https://github.com/Sonar-team/Sonar_desktop_app/releases/tag/app-v3.8.3,sonar_3.8.3_x64-setup.exe;sonar_3.8.3_x64_fr-FR.msi
app-v3.9.0,wix-dormant,src-tauri/windows/npcap-1.80.exe,691a5540cdba681a52fd375ffb876c3b2ab2c79e,ac4f26d7d9f994d6f04141b2266f02682def51af63c09c96a7268552c94a6535,oui,https://github.com/Sonar-team/Sonar_desktop_app/releases/tag/app-v3.9.0,sonar_3.9.0_x64-setup.exe;sonar_3.9.0_x64_fr-FR.msi
app-v3.9.1,wix-dormant,src-tauri/windows/npcap-1.80.exe,691a5540cdba681a52fd375ffb876c3b2ab2c79e,ac4f26d7d9f994d6f04141b2266f02682def51af63c09c96a7268552c94a6535,oui,https://github.com/Sonar-team/Sonar_desktop_app/releases/tag/app-v3.9.1,sonar_3.9.1_x64-setup.exe;sonar_3.9.1_x64_fr-FR.msi
app-v3.9.2,wix-dormant,src-tauri/windows/npcap-1.80.exe,691a5540cdba681a52fd375ffb876c3b2ab2c79e,ac4f26d7d9f994d6f04141b2266f02682def51af63c09c96a7268552c94a6535,oui,https://github.com/Sonar-team/Sonar_desktop_app/releases/tag/app-v3.9.2,sonar_3.9.2_x64-setup.exe;sonar_3.9.2_x64_fr-FR.msi
app-v3.9.3,wix-dormant,src-tauri/windows/npcap-1.85.exe,791020dcbff25235b6c5eac32f28bdb32604669e,4038de8dfdd254d21ebc3269c21f138695a07de2d2fbe57181ce4c0da87531c7,oui,https://github.com/Sonar-team/Sonar_desktop_app/releases/tag/app-v3.9.3,
app-v3.9.4,wix-dormant,src-tauri/windows/npcap-1.85.exe,791020dcbff25235b6c5eac32f28bdb32604669e,4038de8dfdd254d21ebc3269c21f138695a07de2d2fbe57181ce4c0da87531c7,oui,https://github.com/Sonar-team/Sonar_desktop_app/releases/tag/app-v3.9.4,
app-v3.9.5,wix-dormant,src-tauri/windows/npcap-1.85.exe,791020dcbff25235b6c5eac32f28bdb32604669e,4038de8dfdd254d21ebc3269c21f138695a07de2d2fbe57181ce4c0da87531c7,oui,https://github.com/Sonar-team/Sonar_desktop_app/releases/tag/app-v3.9.5,sonar_3.9.5_x64-setup.exe;sonar_3.9.5_x64_fr-FR.msi
app-v3.9.6,nsis-resource,src-tauri/windows/npcap-1.85.exe,791020dcbff25235b6c5eac32f28bdb32604669e,4038de8dfdd254d21ebc3269c21f138695a07de2d2fbe57181ce4c0da87531c7,oui,https://github.com/Sonar-team/Sonar_desktop_app/releases/tag/app-v3.9.6,sonar_3.9.6_x64-setup.exe
app-v3.10.0,nsis-resource,src-tauri/windows/npcap-1.86.exe,d04b0408c560473352b87121b416802d8f445582,a4f7ab0c5850b819dc7a131213c16a9deaf8d32bceed7131fea38740ea788503,oui,https://github.com/Sonar-team/Sonar_desktop_app/releases/tag/app-v3.10.0,sonar_3.10.0_x64-setup.exe
app-v3.10.5,nsis-resource,src-tauri/windows/npcap-1.86.exe,d04b0408c560473352b87121b416802d8f445582,a4f7ab0c5850b819dc7a131213c16a9deaf8d32bceed7131fea38740ea788503,oui,https://github.com/Sonar-team/Sonar_desktop_app/releases/tag/app-v3.10.5,
app-v3.10.7,nsis-resource,src-tauri/windows/npcap-1.86.exe,d04b0408c560473352b87121b416802d8f445582,a4f7ab0c5850b819dc7a131213c16a9deaf8d32bceed7131fea38740ea788503,oui,https://github.com/Sonar-team/Sonar_desktop_app/releases/tag/app-v3.10.7,sonar_3.10.7_x64-setup.exe
app-v3.10.8,nsis-resource,src-tauri/windows/npcap-1.86.exe,d04b0408c560473352b87121b416802d8f445582,a4f7ab0c5850b819dc7a131213c16a9deaf8d32bceed7131fea38740ea788503,oui,https://github.com/Sonar-team/Sonar_desktop_app/releases/tag/app-v3.10.8,sonar_3.10.8_x64-setup.exe
app-v3.10.9,nsis-resource,src-tauri/windows/npcap-1.86.exe,d04b0408c560473352b87121b416802d8f445582,a4f7ab0c5850b819dc7a131213c16a9deaf8d32bceed7131fea38740ea788503,oui,https://github.com/Sonar-team/Sonar_desktop_app/releases/tag/app-v3.10.9,sonar_3.10.9_x64-setup.exe
app-v3.10.10,nsis-resource,src-tauri/windows/npcap-1.86.exe,d04b0408c560473352b87121b416802d8f445582,a4f7ab0c5850b819dc7a131213c16a9deaf8d32bceed7131fea38740ea788503,oui,https://github.com/Sonar-team/Sonar_desktop_app/releases/tag/app-v3.10.10,sonar_3.10.10_x64-setup.exe
app-v3.10.11,nsis-resource,src-tauri/windows/npcap-1.86.exe,d04b0408c560473352b87121b416802d8f445582,a4f7ab0c5850b819dc7a131213c16a9deaf8d32bceed7131fea38740ea788503,oui,https://github.com/Sonar-team/Sonar_desktop_app/releases/tag/app-v3.10.11,sonar_3.10.10_x64-setup.exe
app-v3.11.0,nsis-resource,src-tauri/windows/npcap-1.86.exe,d04b0408c560473352b87121b416802d8f445582,a4f7ab0c5850b819dc7a131213c16a9deaf8d32bceed7131fea38740ea788503,oui,https://github.com/Sonar-team/Sonar_desktop_app/releases/tag/app-v3.11.0,sonar_3.11.0_x64-setup.exe
app-v3.11.1,nsis-resource,src-tauri/windows/npcap-1.87.exe,ebebbe201f24ddc9a1697d9165ad36a09ef76bb6,142c234f09a9618d7cdc2c37f607d6fc06615fad5581f728b60d4ad659f906bd,oui,https://github.com/Sonar-team/Sonar_desktop_app/releases/tag/app-v3.11.1,sonar_3.11.1_x64-setup.exe
app-v3.11.2,nsis-resource,src-tauri/windows/npcap-1.87.exe,ebebbe201f24ddc9a1697d9165ad36a09ef76bb6,142c234f09a9618d7cdc2c37f607d6fc06615fad5581f728b60d4ad659f906bd,oui,https://github.com/Sonar-team/Sonar_desktop_app/releases/tag/app-v3.11.2,sonar_3.11.2_x64-setup.exe
app-v3.12.0,nsis-resource,src-tauri/windows/npcap-1.87.exe,ebebbe201f24ddc9a1697d9165ad36a09ef76bb6,142c234f09a9618d7cdc2c37f607d6fc06615fad5581f728b60d4ad659f906bd,oui,https://github.com/Sonar-team/Sonar_desktop_app/releases/tag/app-v3.12.0,sonar_3.12.0_x64-setup.exe
app-v3.12.2,nsis-resource,src-tauri/windows/npcap-1.87.exe,ebebbe201f24ddc9a1697d9165ad36a09ef76bb6,142c234f09a9618d7cdc2c37f607d6fc06615fad5581f728b60d4ad659f906bd,oui,https://github.com/Sonar-team/Sonar_desktop_app/releases/tag/app-v3.12.2,sonar_3.12.2_x64-setup.exe
app-v3.12.3,nsis-resource,src-tauri/windows/npcap-1.87.exe,ebebbe201f24ddc9a1697d9165ad36a09ef76bb6,142c234f09a9618d7cdc2c37f607d6fc06615fad5581f728b60d4ad659f906bd,oui,https://github.com/Sonar-team/Sonar_desktop_app/releases/tag/app-v3.12.3,sonar_3.12.2_x64-setup.exe
app-v3.13.2,nsis-resource,src-tauri/windows/npcap-1.87.exe,ebebbe201f24ddc9a1697d9165ad36a09ef76bb6,142c234f09a9618d7cdc2c37f607d6fc06615fad5581f728b60d4ad659f906bd,oui,https://github.com/Sonar-team/Sonar_desktop_app/releases/tag/app-v3.13.2,sonar_3.13.2_x64-setup.exe
app-v3.13.3,nsis-resource,src-tauri/windows/npcap-1.87.exe,ebebbe201f24ddc9a1697d9165ad36a09ef76bb6,142c234f09a9618d7cdc2c37f607d6fc06615fad5581f728b60d4ad659f906bd,oui,https://github.com/Sonar-team/Sonar_desktop_app/releases/tag/app-v3.13.3,sonar_3.13.3_x64-setup.exe
app-v3.13.4,nsis-resource,src-tauri/windows/npcap-1.87.exe,ebebbe201f24ddc9a1697d9165ad36a09ef76bb6,142c234f09a9618d7cdc2c37f607d6fc06615fad5581f728b60d4ad659f906bd,oui,https://github.com/Sonar-team/Sonar_desktop_app/releases/tag/app-v3.13.4,sonar_3.13.4_x64-setup.exe
app-v3.13.5,nsis-resource,src-tauri/windows/npcap-1.87.exe,ebebbe201f24ddc9a1697d9165ad36a09ef76bb6,142c234f09a9618d7cdc2c37f607d6fc06615fad5581f728b60d4ad659f906bd,oui,https://github.com/Sonar-team/Sonar_desktop_app/releases/tag/app-v3.13.5,sonar_3.13.5_x64-setup.exe
app-v3.13.6,nsis-resource,src-tauri/windows/npcap-1.87.exe,ebebbe201f24ddc9a1697d9165ad36a09ef76bb6,142c234f09a9618d7cdc2c37f607d6fc06615fad5581f728b60d4ad659f906bd,oui,https://github.com/Sonar-team/Sonar_desktop_app/releases/tag/app-v3.13.6,sonar_3.13.6_x64-setup.exe
app-v3.13.7,nsis-resource,src-tauri/windows/npcap-1.87.exe,ebebbe201f24ddc9a1697d9165ad36a09ef76bb6,142c234f09a9618d7cdc2c37f607d6fc06615fad5581f728b60d4ad659f906bd,oui,https://github.com/Sonar-team/Sonar_desktop_app/releases/tag/app-v3.13.7,sonar_3.13.7_x64-setup.exe
app-v3.13.8,nsis-resource,src-tauri/windows/npcap-1.87.exe,ebebbe201f24ddc9a1697d9165ad36a09ef76bb6,142c234f09a9618d7cdc2c37f607d6fc06615fad5581f728b60d4ad659f906bd,oui,https://github.com/Sonar-team/Sonar_desktop_app/releases/tag/app-v3.13.8,sonar_3.13.8_x64-setup.exe
app-v3.12.9,nsis-resource,src-tauri/windows/npcap-1.87.exe,ebebbe201f24ddc9a1697d9165ad36a09ef76bb6,142c234f09a9618d7cdc2c37f607d6fc06615fad5581f728b60d4ad659f906bd,oui,https://github.com/Sonar-team/Sonar_desktop_app/releases/tag/app-v3.12.9,sonar_3.13.8_x64-setup.exe;sonar_3.13.8_x64_fr-FR.msi
app-v3.13.12,nsis-resource,src-tauri/windows/npcap-1.87.exe,ebebbe201f24ddc9a1697d9165ad36a09ef76bb6,142c234f09a9618d7cdc2c37f607d6fc06615fad5581f728b60d4ad659f906bd,oui,https://github.com/Sonar-team/Sonar_desktop_app/releases/tag/app-v3.13.12,sonar-windows-x86_64.exe
app-v3.13.13,nsis-resource,src-tauri/windows/npcap-1.87.exe,ebebbe201f24ddc9a1697d9165ad36a09ef76bb6,142c234f09a9618d7cdc2c37f607d6fc06615fad5581f728b60d4ad659f906bd,oui,https://github.com/Sonar-team/Sonar_desktop_app/releases/tag/app-v3.13.13,sonar-windows-x86_64.exe
app-v3.13.14,nsis-resource,src-tauri/windows/npcap-1.87.exe,ebebbe201f24ddc9a1697d9165ad36a09ef76bb6,142c234f09a9618d7cdc2c37f607d6fc06615fad5581f728b60d4ad659f906bd,oui,https://github.com/Sonar-team/Sonar_desktop_app/releases/tag/app-v3.13.14,sonar-windows-x86_64-setup.exe;sonar-windows-x86_64.exe;sonar-windows-x86_64.msi
app-v3.13.16,nsis-resource,src-tauri/windows/npcap-1.87.exe,ebebbe201f24ddc9a1697d9165ad36a09ef76bb6,142c234f09a9618d7cdc2c37f607d6fc06615fad5581f728b60d4ad659f906bd,oui,https://github.com/Sonar-team/Sonar_desktop_app/releases/tag/app-v3.13.16,
app-v3.13.17,nsis-resource,src-tauri/windows/npcap-1.87.exe,ebebbe201f24ddc9a1697d9165ad36a09ef76bb6,142c234f09a9618d7cdc2c37f607d6fc06615fad5581f728b60d4ad659f906bd,oui,https://github.com/Sonar-team/Sonar_desktop_app/releases/tag/app-v3.13.17,
app-v3.13.18,nsis-resource,src-tauri/windows/npcap-1.87.exe,ebebbe201f24ddc9a1697d9165ad36a09ef76bb6,142c234f09a9618d7cdc2c37f607d6fc06615fad5581f728b60d4ad659f906bd,oui,https://github.com/Sonar-team/Sonar_desktop_app/releases/tag/app-v3.13.18,
app-v3.13.19,nsis-resource,src-tauri/windows/npcap-1.87.exe,ebebbe201f24ddc9a1697d9165ad36a09ef76bb6,142c234f09a9618d7cdc2c37f607d6fc06615fad5581f728b60d4ad659f906bd,oui,https://github.com/Sonar-team/Sonar_desktop_app/releases/tag/app-v3.13.19,sonar-windows-x86_64-setup.exe;sonar-windows-x86_64.exe;sonar-windows-x86_64.msi
app-v3.13.22,nsis-resource,src-tauri/windows/npcap-1.87.exe,ebebbe201f24ddc9a1697d9165ad36a09ef76bb6,142c234f09a9618d7cdc2c37f607d6fc06615fad5581f728b60d4ad659f906bd,oui,https://github.com/Sonar-team/Sonar_desktop_app/releases/tag/app-v3.13.22,sonar-windows-x86_64.exe;sonar_3.13.22_x64-setup.exe;sonar_3.13.22_x64_fr-FR.msi
app-v3.13.24,nsis-resource,src-tauri/windows/npcap-1.87.exe,ebebbe201f24ddc9a1697d9165ad36a09ef76bb6,142c234f09a9618d7cdc2c37f607d6fc06615fad5581f728b60d4ad659f906bd,oui,https://github.com/Sonar-team/Sonar_desktop_app/releases/tag/app-v3.13.24,sonar-windows-x86_64.exe;sonar_3.13.24_x64-setup.exe;sonar_3.13.24_x64_fr-FR.msi
app-v3.13.25,nsis-resource,src-tauri/windows/npcap-1.87.exe,ebebbe201f24ddc9a1697d9165ad36a09ef76bb6,142c234f09a9618d7cdc2c37f607d6fc06615fad5581f728b60d4ad659f906bd,oui,https://github.com/Sonar-team/Sonar_desktop_app/releases/tag/app-v3.13.25,sonar-windows-x86_64.exe;sonar_3.13.25_x64-setup.exe;sonar_3.13.25_x64_fr-FR.msi
app-v3.14.0,nsis-resource,src-tauri/windows/npcap-1.87.exe,ebebbe201f24ddc9a1697d9165ad36a09ef76bb6,142c234f09a9618d7cdc2c37f607d6fc06615fad5581f728b60d4ad659f906bd,oui,https://github.com/Sonar-team/Sonar_desktop_app/releases/tag/app-v3.14.0,sonar-windows-x86_64.exe;sonar_3.14.0_x64-setup.exe;sonar_3.14.0_x64_fr-FR.msi
app-v3.14.1,nsis-resource,src-tauri/windows/npcap-1.87.exe,ebebbe201f24ddc9a1697d9165ad36a09ef76bb6,142c234f09a9618d7cdc2c37f607d6fc06615fad5581f728b60d4ad659f906bd,oui,https://github.com/Sonar-team/Sonar_desktop_app/releases/tag/app-v3.14.1,sonar-windows-x86_64.exe;sonar_3.14.0_x64-setup.exe;sonar_3.14.0_x64_fr-FR.msi
app-v3.14.2,nsis-resource,src-tauri/windows/npcap-1.87.exe,ebebbe201f24ddc9a1697d9165ad36a09ef76bb6,142c234f09a9618d7cdc2c37f607d6fc06615fad5581f728b60d4ad659f906bd,oui,https://github.com/Sonar-team/Sonar_desktop_app/releases/tag/app-v3.14.2,sonar-windows-x86_64.exe;sonar_3.14.2_x64-setup.exe;sonar_3.14.2_x64_fr-FR.msi
app-v3.14.3,nsis-resource,src-tauri/windows/npcap-1.87.exe,ebebbe201f24ddc9a1697d9165ad36a09ef76bb6,142c234f09a9618d7cdc2c37f607d6fc06615fad5581f728b60d4ad659f906bd,oui,https://github.com/Sonar-team/Sonar_desktop_app/releases/tag/app-v3.14.3,sonar-windows-x86_64.exe;sonar_3.14.3_x64-setup.exe;sonar_3.14.3_x64_fr-FR.msi
app-v3.14.5,nsis-resource,src-tauri/windows/npcap-1.87.exe,ebebbe201f24ddc9a1697d9165ad36a09ef76bb6,142c234f09a9618d7cdc2c37f607d6fc06615fad5581f728b60d4ad659f906bd,oui,https://github.com/Sonar-team/Sonar_desktop_app/releases/tag/app-v3.14.5,sonar-windows-x86_64.exe;sonar_3.14.5_x64-setup.exe;sonar_3.14.5_x64_fr-FR.msi
app-v3.14.6,nsis-resource,src-tauri/windows/npcap-1.87.exe,ebebbe201f24ddc9a1697d9165ad36a09ef76bb6,142c234f09a9618d7cdc2c37f607d6fc06615fad5581f728b60d4ad659f906bd,oui,https://github.com/Sonar-team/Sonar_desktop_app/releases/tag/app-v3.14.6,sonar-windows-x86_64.exe;sonar_3.14.6_x64-setup.exe;sonar_3.14.6_x64_fr-FR.msi
app-v4.0.0,nsis-resource,src-tauri/windows/npcap-1.87.exe,ebebbe201f24ddc9a1697d9165ad36a09ef76bb6,142c234f09a9618d7cdc2c37f607d6fc06615fad5581f728b60d4ad659f906bd,oui,https://github.com/Sonar-team/Sonar_desktop_app/releases/tag/app-v4.0.0,sonar-windows-x86_64.exe;sonar_4.0.0_x64-setup.exe;sonar_4.0.0_x64_fr-FR.msi
app-v4.0.1,nsis-resource,src-tauri/windows/npcap-1.88.exe,f4d3b3bd7d53e2a4d041c1357c12bb604ae21a21,a2f4ec1e5ea353ff67efd24b2ebf081ba44532410fae8d5e146af0310aa4f56b,oui,https://github.com/Sonar-team/Sonar_desktop_app/releases/tag/app-v4.0.1,sonar-windows-x86_64.exe;sonar_4.0.1_x64-setup.exe;sonar_4.0.1_x64_fr-FR.msi
app-v4.1.0,nsis-resource,src-tauri/windows/npcap-1.88.exe,f4d3b3bd7d53e2a4d041c1357c12bb604ae21a21,a2f4ec1e5ea353ff67efd24b2ebf081ba44532410fae8d5e146af0310aa4f56b,oui,https://github.com/Sonar-team/Sonar_desktop_app/releases/tag/app-v4.1.0,sonar-windows-x86_64.exe;sonar_4.1.0_x64-setup.exe;sonar_4.1.0_x64_fr-FR.msi
app-v4.1.1,nsis-resource,src-tauri/windows/npcap-1.88.exe,f4d3b3bd7d53e2a4d041c1357c12bb604ae21a21,a2f4ec1e5ea353ff67efd24b2ebf081ba44532410fae8d5e146af0310aa4f56b,oui,https://github.com/Sonar-team/Sonar_desktop_app/releases/tag/app-v4.1.1,sonar-windows-x86_64.exe;sonar_4.1.1_x64-setup.exe;sonar_4.1.1_x64_fr-FR.msi
v4.2.0,nsis-resource,src-tauri/windows/npcap-1.88.exe,f4d3b3bd7d53e2a4d041c1357c12bb604ae21a21,a2f4ec1e5ea353ff67efd24b2ebf081ba44532410fae8d5e146af0310aa4f56b,oui,https://github.com/Sonar-team/Sonar_desktop_app/releases/tag/v4.2.0,sonar-windows-x86_64.exe;sonar_4.2.0_x64-setup.exe;sonar_4.2.0_x64_fr-FR.msi
v4.3.0,nsis-resource,src-tauri/windows/npcap-1.88.exe,f4d3b3bd7d53e2a4d041c1357c12bb604ae21a21,a2f4ec1e5ea353ff67efd24b2ebf081ba44532410fae8d5e146af0310aa4f56b,oui,https://github.com/Sonar-team/Sonar_desktop_app/releases/tag/v4.3.0,sonar-windows-x86_64.exe;sonar_4.3.0_x64-setup.exe;sonar_4.3.0_x64_fr-FR.msi
v4.3.1,nsis-resource,src-tauri/windows/npcap-1.88.exe,f4d3b3bd7d53e2a4d041c1357c12bb604ae21a21,a2f4ec1e5ea353ff67efd24b2ebf081ba44532410fae8d5e146af0310aa4f56b,oui,https://github.com/Sonar-team/Sonar_desktop_app/releases/tag/v4.3.1,sonar-windows-x86_64.exe;sonar_4.3.1_x64-setup.exe;sonar_4.3.1_x64_fr-FR.msi
