tag,type,objet_sha,commit_sha,date_commit
2.2.13,commit,1c1032c5d0b1b606c6c0e91ababe908e1cd36a8c,1c1032c5d0b1b606c6c0e91ababe908e1cd36a8c,2025-06-06 10:51:51 +0200
2.3.3,commit,988897cc5ee0fe8694a6042dbbf34dfbb99d8f0e,988897cc5ee0fe8694a6042dbbf34dfbb99d8f0e,2025-09-02 13:58:27 +0200
3.10.1,commit,d99b9febfbff22b28b41223053e90c8ceb3b2285,d99b9febfbff22b28b41223053e90c8ceb3b2285,2026-01-15 14:44:51 +0100
3.10.11,commit,1ce24661e6ef6033df6445ca5bd5f64996a99117,1ce24661e6ef6033df6445ca5bd5f64996a99117,2026-03-04 15:56:53 +0100
3.4.0,commit,69727b9e97c530658014a240f750599b4f7f5e0b,69727b9e97c530658014a240f750599b4f7f5e0b,2025-10-31 08:54:59 +0100
3.9.3,commit,ecf8889f434452908a0f969783733ef6b6bd8ef9,ecf8889f434452908a0f969783733ef6b6bd8ef9,2025-12-12 10:37:52 +0100
app-v1.2.4,commit,cffe24c6e601ae96c91d6b2d5a75a9ead135730d,cffe24c6e601ae96c91d6b2d5a75a9ead135730d,2025-05-01 23:30:15 +0200
app-v2.1.0,commit,07684c4c20df224a79f51154bd3a7328c98d676c,07684c4c20df224a79f51154bd3a7328c98d676c,2025-03-18 18:22:08 +0100
app-v2.2.0,commit,d1f23d6e320b87465ea6188595910c05b0ab9b86,d1f23d6e320b87465ea6188595910c05b0ab9b86,2025-05-05 14:41:48 +0200
app-v2.2.1,commit,e99313028a50ac337e71c96e8287c140669e8073,e99313028a50ac337e71c96e8287c140669e8073,2025-05-05 14:59:22 +0200
app-v2.2.10,commit,308a12178fbedac660b294481707b6ada4a90717,308a12178fbedac660b294481707b6ada4a90717,2025-06-05 15:55:47 +0200
app-v2.2.11,commit,229907a5c183dd268198770550ff8620aab3ecdc,229907a5c183dd268198770550ff8620aab3ecdc,2025-06-05 16:04:52 +0200
app-v2.2.12,commit,55bf32888c1c1e92edc95c7781c471450153cc91,55bf32888c1c1e92edc95c7781c471450153cc91,2025-06-05 21:12:21 +0200
app-v2.2.13,commit,1c1032c5d0b1b606c6c0e91ababe908e1cd36a8c,1c1032c5d0b1b606c6c0e91ababe908e1cd36a8c,2025-06-06 10:51:51 +0200
app-v2.2.2,commit,044805a25f97a3debc83da8a17587afdcba9b23d,044805a25f97a3debc83da8a17587afdcba9b23d,2025-05-05 16:05:51 +0200
app-v2.2.3,commit,229b2839a9bd155827dfcc86d55fe8a9cf9b8bc7,229b2839a9bd155827dfcc86d55fe8a9cf9b8bc7,2025-05-07 09:10:53 +0200
app-v2.2.4,commit,3a0911408181d631fd1c85dfbdbe20e04a33571d,3a0911408181d631fd1c85dfbdbe20e04a33571d,2025-05-07 09:33:04 +0200
app-v2.2.5,commit,bcc5c062fe3b6d6faa1c37b8809808094c330ed8,bcc5c062fe3b6d6faa1c37b8809808094c330ed8,2025-05-12 09:47:57 +0200
app-v2.2.6,commit,1db4faf61518a5cc7d773cf272ae63e7042f65b5,1db4faf61518a5cc7d773cf272ae63e7042f65b5,2025-05-15 22:10:39 +0200
app-v2.2.7,commit,d28fa8ce68f79e8719e1abb00e95ada67ccd1f15,d28fa8ce68f79e8719e1abb00e95ada67ccd1f15,2025-05-15 23:00:28 +0200
app-v2.2.8,commit,ac2434e83be976612d49099025cbb583cfc9a689,ac2434e83be976612d49099025cbb583cfc9a689,2025-05-19 11:13:00 +0200
app-v2.2.9,commit,e9a42af28bbdf0a0cb7564c7b0d73af72fab3eb0,e9a42af28bbdf0a0cb7564c7b0d73af72fab3eb0,2025-06-05 15:28:58 +0200
app-v2.3.0,commit,69690b84ff6589ea586f5bf0906953bbabd6fd01,69690b84ff6589ea586f5bf0906953bbabd6fd01,2025-06-23 19:42:25 +0200
app-v2.3.1,commit,712732015041437c4f9687cb1179525bfe06ef8c,712732015041437c4f9687cb1179525bfe06ef8c,2025-06-24 11:46:23 +0200
app-v2.3.2,commit,0ae20b982263e06fb7cdd118b919ab4ab5833373,0ae20b982263e06fb7cdd118b919ab4ab5833373,2025-06-25 11:14:42 +0200
app-v2.3.3,commit,2f4610ce63ff75642820e7f48d2896eda9d09297,2f4610ce63ff75642820e7f48d2896eda9d09297,2025-07-10 17:11:01 +0200
app-v2.3.4,commit,77c0eeb0ac09c20800ae991b21bb310fbcc450ef,77c0eeb0ac09c20800ae991b21bb310fbcc450ef,2025-09-25 14:56:56 +0200
app-v2.3.5,commit,9f93fa801ad14d1dced190ec159f348c98deb298,9f93fa801ad14d1dced190ec159f348c98deb298,2025-09-25 15:22:52 +0200
app-v2.3.6,commit,cbb3fff556874657f36891ba7469f8dcc757cb4f,cbb3fff556874657f36891ba7469f8dcc757cb4f,2025-09-25 15:26:13 +0200
app-v2.3.7,commit,b7dcba13458875ccfc53da982da98322e794bc74,b7dcba13458875ccfc53da982da98322e794bc74,2025-09-25 15:48:38 +0200
app-v3.0.0,commit,6f520c781cc4aaedebdfe3f06edaed040d324485,6f520c781cc4aaedebdfe3f06edaed040d324485,2025-10-14 10:06:10 +0200
app-v3.0.1,commit,878ec45bd6f33d84208d42138625d34d7de4aeb5,878ec45bd6f33d84208d42138625d34d7de4aeb5,2025-10-14 11:08:13 +0200
app-v3.1.0,commit,79261d50775eb1f242cee0751d381c54fe056fbb,79261d50775eb1f242cee0751d381c54fe056fbb,2025-10-20 12:42:06 +0200
app-v3.10.0,commit,c2ab9721d20573ff989141f88ad66a28eb875655,c2ab9721d20573ff989141f88ad66a28eb875655,2026-01-08 16:08:44 +0100
app-v3.10.1,commit,48cb5ab708c88e0c193d76b77eefd66a9518d96d,48cb5ab708c88e0c193d76b77eefd66a9518d96d,2026-01-16 09:23:37 +0100
app-v3.10.10,commit,c7286ef4c9f6f4b28023195a449ce7e2d7130d98,c7286ef4c9f6f4b28023195a449ce7e2d7130d98,2026-03-03 15:21:58 +0100
app-v3.10.11,commit,1ce24661e6ef6033df6445ca5bd5f64996a99117,1ce24661e6ef6033df6445ca5bd5f64996a99117,2026-03-04 15:56:53 +0100
app-v3.10.2,commit,ee420d2a405067442de08438dc789c781f8cad7f,ee420d2a405067442de08438dc789c781f8cad7f,2026-01-16 09:29:43 +0100
app-v3.10.3,commit,6dee8b4d7d366637beb6b4873345e8de5a0ce239,6dee8b4d7d366637beb6b4873345e8de5a0ce239,2026-01-16 09:39:03 +0100
app-v3.10.4,commit,83f14da9aaf0dd5c7b04fb3ed55e0a5f63ebbb1c,83f14da9aaf0dd5c7b04fb3ed55e0a5f63ebbb1c,2026-01-16 10:21:27 +0100
app-v3.10.5,commit,705e20dc89173ff2319bcdb8125abb14cbbb962c,705e20dc89173ff2319bcdb8125abb14cbbb962c,2026-01-16 10:35:00 +0100
app-v3.10.6,commit,4bedc3c39cf6788a3608adf84bf2facd35172dc2,4bedc3c39cf6788a3608adf84bf2facd35172dc2,2026-01-16 10:46:22 +0100
app-v3.10.7,commit,6e2839488186c6cef17f312acd116b71406ec984,6e2839488186c6cef17f312acd116b71406ec984,2026-01-16 10:56:49 +0100
app-v3.10.8,commit,bc7a4bd3b9326fcdb2b227be766a584aa8a8a388,bc7a4bd3b9326fcdb2b227be766a584aa8a8a388,2026-02-04 12:44:10 +0100
app-v3.10.9,commit,789bd26710da66a53329a146b3f4e0955814320b,789bd26710da66a53329a146b3f4e0955814320b,2026-03-03 15:11:18 +0100
app-v3.11.0,commit,80360dceb07decc6cf7b2686dd013113ee411422,80360dceb07decc6cf7b2686dd013113ee411422,2026-03-06 11:09:32 +0100
app-v3.11.1,commit,7b091dde5f06a61768495cfc542e7c84ff804e1b,7b091dde5f06a61768495cfc542e7c84ff804e1b,2026-03-26 08:07:11 +0100
app-v3.11.2,commit,cf03f8a2ec062f5857798ffc8ead32641a51478d,cf03f8a2ec062f5857798ffc8ead32641a51478d,2026-03-31 13:31:36 +0200
app-v3.12.0,commit,71bea4c5dbda4ee9720db234501cd80b2cb56532,71bea4c5dbda4ee9720db234501cd80b2cb56532,2026-04-14 08:56:22 +0200
app-v3.12.1,commit,64c649c74a1853c45cc7bcc851a547016858ca56,64c649c74a1853c45cc7bcc851a547016858ca56,2026-04-21 14:51:52 +0200
app-v3.12.2,commit,df985a1cdda90c5f566ea086e143a333bcc484b1,df985a1cdda90c5f566ea086e143a333bcc484b1,2026-04-21 15:29:11 +0200
app-v3.12.3,commit,146805f3521b4a93af337de513da89abc14ed4a0,146805f3521b4a93af337de513da89abc14ed4a0,2026-04-28 16:24:01 +0200
app-v3.12.9,commit,daed469bc427c97f7333f37a5173f5a3afb08543,daed469bc427c97f7333f37a5173f5a3afb08543,2026-05-20 15:46:05 +0200
app-v3.13.0,commit,0bfc7ac19c241998718ffd2d3906c41bd3a468cd,0bfc7ac19c241998718ffd2d3906c41bd3a468cd,2026-05-07 10:45:33 +0200
app-v3.13.10,tag,719e459a7485e23df74fa8ccefb5943c518624ae,581b8a932b14cbe48b0d3d091cb8660717039b9d,2026-06-08 11:41:18 +0200
app-v3.13.11,tag,e5841c911e1a53c242c6af3b6219ebe44c3ebaf8,b137ccd68dbf93242cf9b79f982fe6903d614803,2026-06-08 13:20:27 +0200
app-v3.13.12,commit,0e573603e81859ad8fe957a77b1ce63d21f1ffec,0e573603e81859ad8fe957a77b1ce63d21f1ffec,2026-06-08 13:47:22 +0200
app-v3.13.13,tag,250b608e4c853ffa0222a954010c3f29f64097b9,7727756153c3652598f42312b5f1d53d4067a89f,2026-06-08 16:27:12 +0200
app-v3.13.14,commit,d3294b17275b6b21ee252e5a6666fa11b956458d,d3294b17275b6b21ee252e5a6666fa11b956458d,2026-06-10 15:21:21 +0200
app-v3.13.15,commit,feec118023a3cc3c49adb49c9b1d743bba76beb1,feec118023a3cc3c49adb49c9b1d743bba76beb1,2026-06-10 17:26:23 +0200
app-v3.13.16,commit,91fd84d0a1f12bc84d7548bf9ca9ab602a55bc78,91fd84d0a1f12bc84d7548bf9ca9ab602a55bc78,2026-06-10 17:50:32 +0200
app-v3.13.17,commit,7a6c7bec1eb5b11fea9d6dc2bf33cfcea3e92783,7a6c7bec1eb5b11fea9d6dc2bf33cfcea3e92783,2026-06-11 09:09:03 +0200
app-v3.13.18,commit,132a46da7ac116ef9a2912f88874a00ff26a5fd8,132a46da7ac116ef9a2912f88874a00ff26a5fd8,2026-06-11 10:07:06 +0200
app-v3.13.19,commit,71cb3f82bac3cf1f60db1e4374784e899c290cc7,71cb3f82bac3cf1f60db1e4374784e899c290cc7,2026-06-11 10:47:07 +0200
app-v3.13.1-hotfix,commit,aebe71adaf64b694e9dd9023b0d7a6d53b07ac5c,aebe71adaf64b694e9dd9023b0d7a6d53b07ac5c,2026-05-07 10:59:06 +0200
app-v3.13.2,commit,ab1f469fbb9d5622bfd6fad71bcd848166bf78b1,ab1f469fbb9d5622bfd6fad71bcd848166bf78b1,2026-05-07 11:30:06 +0200
app-v3.13.20,commit,cda62c6f4b4e483b2a6c7d12ed881c381b9c6f8c,cda62c6f4b4e483b2a6c7d12ed881c381b9c6f8c,2026-06-21 14:38:51 +0200
app-v3.13.21,commit,7e56c225cd65fce9198d95bc2f63bd0bfaa398c3,7e56c225cd65fce9198d95bc2f63bd0bfaa398c3,2026-06-21 14:44:26 +0200
app-v3.13.22,commit,433b80b7ff4b67bd90010ff13c78273a5d9b191d,433b80b7ff4b67bd90010ff13c78273a5d9b191d,2026-06-21 14:53:50 +0200
app-v3.13.24,commit,d5d3b551375e23d5e4f92c8196decccc45cd5138,d5d3b551375e23d5e4f92c8196decccc45cd5138,2026-06-22 00:27:39 +0200
app-v3.13.25,commit,4657e2a4a9b56fc8e02b0f0fe8ffd9ba244067d8,4657e2a4a9b56fc8e02b0f0fe8ffd9ba244067d8,2026-06-23 18:31:51 +0200
app-v3.13.3,commit,ecc6c6dc63c7936059296da6541fddf172345a0a,ecc6c6dc63c7936059296da6541fddf172345a0a,2026-05-07 14:38:14 +0200
app-v3.13.4,commit,5773f35fff348e86fae73d6395b28a159e2da3af,5773f35fff348e86fae73d6395b28a159e2da3af,2026-05-07 16:46:09 +0200
app-v3.13.5,tag,f76b1c54372dc7b4791373e250b5c9944a5fb208,93f7ee562397b54c3bc0851d63ace6ad7bed58e2,2026-05-18 11:10:54 +0200
app-v3.13.6,tag,a34eec9195d9819213dc28c02c73c7834e863539,6d818d0203207301c3030b0a8ee4563fdaff6e9a,2026-05-18 12:58:21 +0200
app-v3.13.7,tag,b540a5b1ce51fced972936a29441249d77d59813,a2903c7f030832b7846bee9b601d2375a4c22d95,2026-05-18 13:35:33 +0200
app-v3.13.8,tag,191434a1a17ce66cc1c52ca18de53d9aa54439c0,f6212710b3924c1a4136d2c0ebaac9fc73b9a0cf,2026-05-18 13:56:39 +0200
app-v3.13.9,tag,8a25073b426cd2b5ad10ad7780cc3a642e014cd2,88d1cfef52d50a21fcb6e45b62abce54394ba91a,2026-06-08 11:30:45 +0200
app-v3.14.0,commit,2b666d4dda991bdd8e4fd34e63d062a78398fb07,2b666d4dda991bdd8e4fd34e63d062a78398fb07,2026-06-24 12:31:28 +0200
app-v3.14.1,commit,23e6538d9762699129b369422982c8a4ee2a2dd0,23e6538d9762699129b369422982c8a4ee2a2dd0,2026-06-24 13:56:39 +0200
app-v3.14.2,commit,518285ed571c23533e8a5e6a8dde3360f83504d5,518285ed571c23533e8a5e6a8dde3360f83504d5,2026-06-24 14:55:39 +0200
app-v3.14.3,tag,96dc2a4294a74a2f26b517512d445c308893ea67,652f430789f1f80b7cdec8d034741422f2890798,2026-06-26 11:38:39 +0200
app-v3.14.5,tag,6bb6ebbe35403c7814bf6b82a260116716a47f7b,e1add14fc54902e34ec67b454c5494b15b748309,2026-06-26 13:32:16 +0200
app-v3.14.6,tag,c6ad80feb24f1b1c7c8eb9c6f0f08091469cb9ce,23cdefbb15ddbe5047ba50709161757f929bc128,2026-06-29 07:15:58 +0200
app-v3.2.0,commit,50eb153855e7d5cf12c0891f1b27e2be39f66bcc,50eb153855e7d5cf12c0891f1b27e2be39f66bcc,2025-10-20 13:42:28 +0200
app-v3.2.1,commit,346354817eb32d2a2f34b1490a2908e612d1938a,346354817eb32d2a2f34b1490a2908e612d1938a,2025-10-21 10:23:21 +0200
app-v3.2.2,commit,d1e64171ed17bceee5f8e0392515d545d3f6c4e3,d1e64171ed17bceee5f8e0392515d545d3f6c4e3,2025-10-21 10:34:17 +0200
app-v3.2.3,commit,5d261dacf7a13338b54d2f1bc0d04a832e6b7a2d,5d261dacf7a13338b54d2f1bc0d04a832e6b7a2d,2025-10-27 14:01:02 +0100
app-v3.3.0,commit,1640fc48b608518bd783c5789b1c0dd520e2ad6f,1640fc48b608518bd783c5789b1c0dd520e2ad6f,2025-10-29 16:03:03 +0100
app-v3.3.1,commit,8ae6e080d9f1ec2a5c563b8b6b1e855fb9485f1d,8ae6e080d9f1ec2a5c563b8b6b1e855fb9485f1d,2025-10-30 11:12:22 +0100
app-v3.4.0,commit,256a02d55b6d22d588a7eb3cbc0a81d08b69f377,256a02d55b6d22d588a7eb3cbc0a81d08b69f377,2025-10-31 08:56:57 +0100
app-v3.4.1,commit,e6740037b70586812833e391b64f19df87c46be1,e6740037b70586812833e391b64f19df87c46be1,2025-11-06 15:28:22 +0100
app-v3.5.0,commit,61138254dc93989422ce4ed8f758b448a59be839,61138254dc93989422ce4ed8f758b448a59be839,2025-11-14 16:26:59 +0100
app-v3.6.0,commit,bb7ee6eb48da6f50da8fa308b997ad111cdeb2a9,bb7ee6eb48da6f50da8fa308b997ad111cdeb2a9,2025-11-18 15:01:14 +0100
app-v3.7.0,commit,c1829e15f49453da4778bf402f541ca7164f52d5,c1829e15f49453da4778bf402f541ca7164f52d5,2025-11-20 11:45:08 +0100
app-v3.8.0,commit,75b4adf227a939240be02d64856b056eee781664,75b4adf227a939240be02d64856b056eee781664,2025-11-24 10:30:40 +0100
app-v3.8.1,commit,93e558e5fef40d0450b60c815f854d14e13c395c,93e558e5fef40d0450b60c815f854d14e13c395c,2025-11-24 16:43:50 +0100
app-v3.8.2,commit,61c813a010f14c28c5afbd029f38e759e55b7469,61c813a010f14c28c5afbd029f38e759e55b7469,2025-12-01 12:41:24 +0100
app-v3.8.3,commit,aac780610a9ffb1b98556d672af43b57e0c185ec,aac780610a9ffb1b98556d672af43b57e0c185ec,2025-12-01 12:42:52 +0100
app-v3.9.0,commit,bf1dcf700923f03d8d883b87936f62aa29b4a3d2,bf1dcf700923f03d8d883b87936f62aa29b4a3d2,2025-12-03 14:17:40 +0100
app-v3.9.1,commit,132d05b1a462535c4aa8690be2a6042d8f426e19,132d05b1a462535c4aa8690be2a6042d8f426e19,2025-12-03 15:30:15 +0100
app-v3.9.2,commit,bdd89207df3ebd50a8ec21fab9682fb2c06c5e58,bdd89207df3ebd50a8ec21fab9682fb2c06c5e58,2025-12-03 15:52:20 +0100
app-v3.9.3,commit,ecf8889f434452908a0f969783733ef6b6bd8ef9,ecf8889f434452908a0f969783733ef6b6bd8ef9,2025-12-12 10:37:52 +0100
app-v3.9.4,commit,aff413e12467fc8d2ecc1068fe1f764326b4d9d2,aff413e12467fc8d2ecc1068fe1f764326b4d9d2,2025-12-12 10:58:30 +0100
app-v3.9.5,commit,4578b44ef73da345d5a93112b7572931aac12a61,4578b44ef73da345d5a93112b7572931aac12a61,2025-12-15 10:28:36 +0100
app-v3.9.6,commit,ef66746834b60204944159dade639e81ef3e0ac7,ef66746834b60204944159dade639e81ef3e0ac7,2025-12-22 14:38:46 +0100
app-v4.0.0,commit,6166c74619585092a80b87c16387d8a43cc29ebb,6166c74619585092a80b87c16387d8a43cc29ebb,2026-07-05 23:02:48 +0200
app-v4.0.1,tag,e78c0cd954780b1834ca9d5a7171ae4839bc480a,ea81d099344760781abe907208dfed45ac41097d,2026-07-06 09:48:32 +0200
app-v4.1.0,tag,84a8184978617dc65080edb6b117b2bf5f3a632b,c02ccbb1b3993ec3e0a7f1b5ddfeddb0cfb4cda6,2026-07-07 11:16:28 +0200
app-v4.1.1,tag,11a93418f9eda8efe07e262db9edf85a92f57faa,3d122f9015d9a104b2261d056032d422f7283707,2026-07-07 14:48:47 +0200
v2.2.1,commit,971905954197e264ace1945688fe8cbacd6f0bfa,971905954197e264ace1945688fe8cbacd6f0bfa,2025-04-30 20:48:32 +0200
v2.2.2,commit,26cdcb24d1cfe7f504bfe4ea085d25a7399b58ee,26cdcb24d1cfe7f504bfe4ea085d25a7399b58ee,2025-04-30 20:26:57 +0200
v2.2.4,commit,234ae04010fc633862f7598cda5645c01fb5cde7,234ae04010fc633862f7598cda5645c01fb5cde7,2025-04-30 21:43:16 +0200
v2.2.8,commit,bb99729f378beb58b859f8de2cbb241ce0537175,bb99729f378beb58b859f8de2cbb241ce0537175,2025-05-19 11:32:23 +0200
v3.13.23,commit,b6526008b59026d529d0354c7b6d493a0323608a,b6526008b59026d529d0354c7b6d493a0323608a,2026-06-21 23:43:35 +0200
v4.0.0,tag,a6372b31fc2370f899758c965a5c6d2731ba0cab,9632c0b33c2ac4aae142b25bc21eaa693592bc7e,2026-07-05 15:00:16 +0200
v4.2.0,commit,bf9f2df01000a3d98b058b48b05886cea65f6f98,bf9f2df01000a3d98b058b48b05886cea65f6f98,2026-07-08 15:23:31 +0200
v4.3.0,tag,f257365a33f73f09960e3a5d846e8322927e94ea,43dc183339ca4851b32db498f2c371480b3a1dc4,2026-07-09 10:21:01 +0200
v4.3.1,commit,ea5cfd0d0c36e4a9109b2381be2b62e443346650,ea5cfd0d0c36e4a9109b2381be2b62e443346650,2026-07-09 15:12:02 +0200
